2015-12-31 06:00:00, Clear, clear-night, 0, 0, 44.32, 41.44, 40.49, 0.86, 1023.42, 5.14, 7, 9.66
2015-12-31 07:00:00, Clear, clear-night, 0, 0, 42.84, 39.73, 39.73, 0.89, 1023.49, 5.11, 2, 9.69
2015-12-31 08:00:00, Clear, clear-night, 0, 0, 42.69, 39.29, 39.14, 0.87, 1023.06, 5.5, 8, 9.8
2015-12-31 09:00:00, Clear, clear-night, 0, 0, 42.56, 38.89, 39.04, 0.87, 1023.14, 5.87, 12, 9.76
2015-12-31 10:00:00, Clear, clear-night, 0, 0, 43, 38.89, 38.99, 0.86, 1022.89, 6.75, 21, 9.7
2015-12-31 11:00:00, Clear, clear-night, 0, 0, 42.48, 38.21, 38.58, 0.86, 1023.29, 6.85, 16, 9.65
2015-12-31 12:00:00, Clear, clear-night, 0, 0, 43.03, 38.55, 38.77, 0.85, 1023.41, 7.45, 27, 9.62
2015-12-31 13:00:00, Clear, clear-night, 0, 0, 43.38, 38.25, 38.71, 0.83, 1023.58, 9.01, 20, 9.54
2015-12-31 14:00:00, Clear, clear-day, 0, 0, 44.46, 39.05, 38.84, 0.8, 1023.81, 10.3, 31, 9.66
2015-12-31 15:00:00, Mostly Cloudy, partly-cloudy-day, 0, 0, 46.52, 41.28, 39.31, 0.76, 1024.89, 11.28, 40, 9.73
2015-12-31 16:00:00, Partly Cloudy, partly-cloudy-day, 0, 0, 48.83, 43.58, 39.85, 0.71, 1025.11, 13.31, 42, 10
2015-12-31 17:00:00, Clear, clear-day, 0, 0, 51.29, 51.29, 39.72, 0.64, 1025.04, 13.33, 36, 9.87
2015-12-31 18:00:00, Partly Cloudy, partly-cloudy-day, 0, 0, 54.01, 54.01, 39.85, 0.59, 1025.21, 11.56, 37, 10
2015-12-31 19:00:00, Clear, clear-day, 0, 0, 54.87, 54.87, 39.84, 0.57, 1023.79, 10.99, 36, 10
2015-12-31 20:00:00, Clear, clear-day, 0, 0, 54.63, 54.63, 39.4, 0.56, 1023.11, 8.88, 41, 9.87
2015-12-31 21:00:00, Partly Cloudy, partly-cloudy-day, 0, 0, 54.91, 54.91, 39.5, 0.56, 1022.84, 9.14, 42, 10
2015-12-31 22:00:00, Clear, clear-day, 0, 0, 54.75, 54.75, 39.47, 0.56, 1022.78, 9.38, 40, 10
2015-12-31 23:00:00, Clear, clear-day, 0, 0, 54.05, 54.05, 39.32, 0.57, 1023.85, 9.07, 32, 9.87
2016-01-01 00:00:00, Overcast, cloudy, 0, 0, 51.77, 51.77, 39.33, 0.62, 1024.72, 10.76, 20, 9.58
2016-01-01 01:00:00, Clear, clear-night, 0, 0, 52.42, 52.42, 38.84, 0.6, 1025.46, 10.7, 34, 10
2016-01-01 02:00:00, Clear, clear-night, 0, 0, 51.61, 51.61, 38.68, 0.61, 1026.1, 11.37, 26, 10
2016-01-01 03:00:00, Overcast, cloudy, 0, 0, 51.5, 51.5, 39.14, 0.63, 1026.79, 12.05, 33, 10
2016-01-01 04:00:00, Clear, clear-night, 0, 0, 50.81, 50.81, 38.87, 0.63, 1026.76, 12.9, 35, 9.87
2016-01-01 05:00:00, Clear, clear-night, 0, 0, 50.77, 50.77, 38.37, 0.62, 1027.05, 12.98, 34, 10
2016-01-01 06:00:00, Overcast, cloudy, 0, 0, 49.96, 45.8, 38.26, 0.64, 1026.58, 10.6, 36, 9.87
2016-01-01 07:00:00, Clear, clear-night, 0, 0, 49.63, 45.07, 38.09, 0.64, 1026.82, 11.61, 37, 10
2016-01-01 08:00:00, Clear, clear-night, 0, 0, 49.52, 44.55, 37.88, 0.64, 1027.23, 12.97, 30, 9.87
2016-01-01 09:00:00, Mostly Cloudy, partly-cloudy-night, 0, 0, 48.35, 42.98, 37.65, 0.66, 1027.42, 13.28, 23, 10
2016-01-01 10:00:00, Partly Cloudy, partly-cloudy-night, 0, 0, 46.67, 41.4, 39.03, 0.75, 1027.55, 11.47, 32, 10
2016-01-01 11:00:00, Partly Cloudy, partly-cloudy-night, 0.0123, 0.75, 45.65, 40, 38.87, 0.77, 1028, 11.83, 30, 9.66
2016-01-01 12:00:00, Mostly Cloudy, partly-cloudy-night, 0.0038, 0.38, 44.88, 39.16, 38.21, 0.77, 1028.31, 11.46, 27, 9.87
2016-01-01 13:00:00, Partly Cloudy, partly-cloudy-night, 0.0071, 0.71, 44.72, 38.97, 37.99, 0.77, 1029.44, 11.45, 26, 10
2016-01-01 14:00:00, Clear, clear-day, 0.0041, 0.41, 44.29, 39.43, 37.2, 0.76, 1030.82, 8.84, 22, 9.72
2016-01-01 15:00:00, Overcast, cloudy, 0.0005, 0.05, 45.03, 39.5, 36.15, 0.71, 1031.03, 11.03, 24, 9.83
2016-01-01 16:00:00, Clear, clear-day, 0.0004, 0.04, 45.48, 39.83, 35.6, 0.68, 1031.83, 11.73, 24, 9.87
2016-01-01 17:00:00, Partly Cloudy, partly-cloudy-day, 0.0027, 0.27, 46.53, 41.08, 35.06, 0.64, 1032.16, 11.93, 18, 9.87
2016-01-01 18:00:00, Mostly Cloudy, partly-cloudy-day, 0, 0, 47.14, 41.83, 34.71, 0.62, 1031.66, 11.97, 26, 9.87
2016-01-01 19:00:00, Clear, clear-day, 0.0004, 0.04, 47.47, 43.04, 34.8, 0.61, 1030.67, 9.6, 18, 9.87
2016-01-01 20:00:00, Partly Cloudy, partly-cloudy-day, 0, 0, 47.23, 43.4, 34.8, 0.62, 1029.97, 7.97, 11, 9.87
2016-01-01 21:00:00, Partly Cloudy, partly-cloudy-day, 0.0027, 0.27, 47.6, 43.8, 35.24, 0.62, 1029.57, 8.1, 2, 9.79
2016-01-01 22:00:00, Partly Cloudy, partly-cloudy-day, 0.0027, 0.27, 46.47, 41.86, 36.62, 0.68, 1030.19, 9.48, 1, 9.41
2016-01-01 23:00:00, Clear, clear-day, 0.0202, 0.6, 45.91, 42.48, 37.61, 0.73, 1030.94, 6.57, 6, 9.87
2016-01-02 00:00:00, Mostly Cloudy, partly-cloudy-night, 0.0096, 0.5, 45.2, 41.62, 38.62, 0.78, 1031.47, 6.59, 2, 9.87
2016-01-02 01:00:00, Partly Cloudy, partly-cloudy-night, 0.0128, 0.54, 44.79, 40.61, 38.61, 0.79, 1031.84, 7.61, 5, 9.87
2016-01-02 02:00:00, Clear, clear-night, 0.0047, 0.38, 44.34, 40.17, 38.09, 0.79, 1031.4, 7.39, 12, 9.87
2016-01-02 03:00:00, Mostly Cloudy, partly-cloudy-night, 0.0063, 0.55, 43.63, 38.21, 37.01, 0.77, 1032.22, 9.83, 6, 9.79
2016-01-02 04:00:00, Partly Cloudy, partly-cloudy-night, 0.0188, 0.59, 43.44, 38.11, 37.63, 0.8, 1032.5, 9.5, 6, 9.79
2016-01-02 05:00:00, Partly Cloudy, partly-cloudy-night, 0.01, 0.77, 42.89, 38.01, 37.4, 0.81, 1032.35, 8.21, 2, 9.87
2016-01-02 06:00:00, Overcast, cloudy, 0.018, 0.58, 42.66, 38.96, 37.48, 0.82, 1032.45, 5.94, 359, 8.41
2016-01-02 07:00:00, Light Rain, rain, 0.028, 0.52, 42.33, 39.15, 36.98, 0.81, 1031.35, 5.07, 6, 9.17
2016-01-02 08:00:00, Clear, clear-night, 0.0067, 0.67, 42.24, 39.52, 37.26, 0.82, 1031.23, 4.46, 352, 9.87
2016-01-02 09:00:00, Overcast, cloudy, 0.009, 0.59, 42.38, 40.69, 37.4, 0.82, 1030.8, 3.34, 353, 9.45
2016-01-02 10:00:00, Partly Cloudy, partly-cloudy-night, 0.0246, 0.79, 41.84, 41.84, 37.64, 0.85, 1030.53, 2.59, 1, 7.67
2016-01-02 11:00:00, Light Rain, rain, 0.027, 0.85, 41.73, 38.83, 37.09, 0.83, 1030.11, 4.58, 12, 9.19
2016-01-02 12:00:00, Light Rain, rain, 0.04, 0.81, 41.43, 39.86, 38.06, 0.88, 1030.39, 3.11, 348, 7.23
2016-01-02 13:00:00, Clear, clear-night, 0.0217, 0.83, 41.62, 38.34, 37.95, 0.87, 1029.91, 5.06, 14, 9.71
2016-01-02 14:00:00, Clear, clear-day, 0.0209, 0.8, 41.53, 39.36, 37.98, 0.87, 1030.94, 3.7, 334, 7.86
2016-01-02 15:00:00, Light Rain, rain, 0.0387, 0.81, 41.69, 38.07, 37.64, 0.85, 1031.88, 5.54, 327, 7.05
2016-01-02 16:00:00, Light Rain, rain, 0.0426, 0.88, 41.67, 37.79, 37.52, 0.85, 1032.03, 5.94, 4, 8.7
2016-01-02 17:00:00, Light Rain, rain, 0.0282, 0.88, 41.94, 38.28, 37.09, 0.83, 1031.88, 5.67, 23, 8.66
2016-01-02 18:00:00, Mostly Cloudy, partly-cloudy-day, 0.0195, 0.84, 41.99, 38.67, 37.28, 0.83, 1030.85, 5.2, 16, 8.86
2016-01-02 19:00:00, Light Rain, rain, 0.0446, 0.9, 42.06, 39.18, 37.68, 0.84, 1029.61, 4.61, 0, 8.26
2016-01-02 20:00:00, Clear, clear-day, 0.0236, 0.73, 42.14, 39.08, 37.16, 0.82, 1028.67, 4.88, 352, 7.48
2016-01-02 21:00:00, Light Rain, rain, 0.0303, 0.83, 42.24, 39.16, 37.88, 0.84, 1027.91, 4.92, 10, 8.1
2016-01-02 22:00:00, Light Rain, rain, 0.0283, 0.88, 41.94, 38.26, 38, 0.86, 1027.5, 5.71, 358, 6.3
2016-01-02 23:00:00, Light Rain, rain, 0.0398, 0.92, 41.53, 39.5, 38.26, 0.88, 1027.45, 3.56, 359, 8.17
2016-01-03 00:00:00, Light Rain, rain, 0.0353, 0.88, 41.45, 38.96, 39.11, 0.91, 1027.52, 4.03, 355, 7.94
2016-01-03 01:00:00, Light Rain, rain, 0.0355, 0.92, 40.81, 36.72, 37.83, 0.89, 1027.23, 6, 348, 7.38
2016-01-03 02:00:00, Light Rain, rain, 0.0418, 0.83, 40.22, 36.44, 37.46, 0.9, 1027.98, 5.4, 349, 7.28
2016-01-03 03:00:00, Rain, rain, 0.0677, 0.95, 40.19, 37.78, 37.89, 0.91, 1028.28, 3.75, 316, 7.45
2016-01-03 04:00:00, Light Rain, rain, 0.0503, 0.88, 40.29, 36.51, 37.82, 0.91, 1028.37, 5.42, 311, 7.36
2016-01-03 05:00:00, Light Rain, rain, 0.0353, 0.88, 40.06, 37.85, 38.01, 0.92, 1028.44, 3.53, 321, 7.41
2016-01-03 06:00:00, Overcast, cloudy, 0.0134, 0.9, 40.28, 37.86, 38.06, 0.92, 1027.98, 3.77, 325, 9.49
2016-01-03 07:00:00, Clear, clear-night, 0.0062, 0.32, 40.57, 37.67, 37.95, 0.9, 1027.67, 4.36, 326, 9.32
2016-01-03 08:00:00, Partly Cloudy, partly-cloudy-night, 0.0214, 0.78, 40.88, 38.33, 39.01, 0.93, 1027.18, 4, 323, 7.13
2016-01-03 09:00:00, Overcast, cloudy, 0.0029, 0.29, 41.33, 41.33, 39.39, 0.93, 1026.83, 1.82, 290, 9.53
2016-01-03 10:00:00, Partly Cloudy, partly-cloudy-night, 0.0025, 0.25, 41.42, 38.35, 39.4, 0.92, 1026.31, 4.73, 288, 9.79
2016-01-03 11:00:00, Clear, clear-night, 0.0011, 0.11, 41.7, 41.7, 39.76, 0.93, 1026.45, 2.68, 288, 9.87
2016-01-03 12:00:00, Mostly Cloudy, partly-cloudy-night, 0, 0, 41.96, 40.4, 40.17, 0.93, 1026.31, 3.17, 275, 9.87
2016-01-03 13:00:00, Clear, clear-night, 0, 0, 41.67, 41.67, 39.57, 0.92, 1026.44, 2.46, 280, 9.87
2016-01-03 14:00:00, Partly Cloudy, partly-cloudy-day, 0, 0, 42.12, 42.12, 40.02, 0.92, 1027.03, 2.79, 254, 9.79
2016-01-03 15:00:00, Partly Cloudy, partly-cloudy-day, 0, 0, 44.15, 41.43, 41.12, 0.89, 1027.64, 4.88, 281, 9.79
2016-01-03 16:00:00, Clear, clear-day, 0, 0, 46.96, 44.56, 41.72, 0.82, 1027.66, 5.15, 300, 9.87
2016-01-03 17:00:00, Clear, clear-day, 0, 0, 52.1, 52.1, 42.1, 0.69, 1027.11, 5.82, 331, 10
2016-01-03 18:00:00, Clear, clear-day, 0, 0, 55.81, 55.81, 41.5, 0.59, 1026.34, 6.69, 313, 10
2016-01-03 19:00:00, Clear, clear-day, 0.0023, 0.23, 58.98, 58.98, 40.07, 0.49, 1025.06, 6.32, 315, 10
2016-01-03 20:00:00, Clear, clear-day, 0, 0, 60.42, 60.42, 39.89, 0.47, 1023.38, 5.66, 328, 10
2016-01-03 21:00:00, Clear, clear-day, 0, 0, 60.64, 60.64, 40.3, 0.47, 1022.92, 8.24, 316, 9.87
2016-01-03 22:00:00, Clear, clear-day, 0, 0, 60.26, 60.26, 40.74, 0.48, 1022.89, 8.58, 311, 10
2016-01-03 23:00:00, Clear, clear-day, 0, 0, 58.21, 58.21, 41.72, 0.54, 1023.1, 7.13, 315, 9.87
2016-01-04 00:00:00, Partly Cloudy, partly-cloudy-night, 0, 0, 55.14, 55.14, 42.26, 0.62, 1023.65, 6.28, 307, 9.87
2016-01-04 01:00:00, Clear, clear-night, 0, 0, 53.62, 53.62, 42.5, 0.66, 1024.14, 5.02, 298, 10
2016-01-04 02:00:00, Clear, clear-night, 0, 0, 52.01, 52.01, 42.42, 0.7, 1024.73, 4.26, 297, 9.87
2016-01-04 03:00:00, Clear, clear-night, 0, 0, 48.15, 47.13, 41.92, 0.79, 1025.04, 3.51, 298, 9.87
2016-01-04 04:00:00, Clear, clear-night, 0, 0, 45.23, 43.21, 41.29, 0.86, 1025.31, 4.2, 319, 9.79
2016-01-04 05:00:00, Clear, clear-night, 0, 0, 42.77, 39.48, 39.65, 0.89, 1025.19, 5.35, 336, 9.79
2016-01-04 06:00:00, Clear, clear-night, 0, 0, 42.62, 40.38, 38.93, 0.87, 1024.61, 3.96, 332, 9.7
2016-01-04 07:00:00, Clear, clear-night, 0, 0, 40.59, 38.14, 37.74, 0.89, 1024.75, 3.85, 301, 9.7
2016-01-04 08:00:00, Clear, clear-night, 0, 0, 38.61, 34.22, 36.26, 0.91, 1024.87, 5.83, 327, 9.79
2016-01-04 09:00:00, Clear, clear-night, 0, 0, 39, 34.5, 36.02, 0.89, 1024.84, 6.11, 328, 10
2016-01-04 10:00:00, Clear, clear-night, 0, 0, 39.05, 34.71, 34.42, 0.83, 1024.79, 5.88, 337, 9.87
2016-01-04 11:00:00, Clear, clear-night, 0, 0, 37.2, 33.33, 32.84, 0.84, 1025.23, 4.83, 335, 10
2016-01-04 12:00:00, Clear, clear-night, 0, 0, 36.99, 32.67, 31.87, 0.82, 1025.61, 5.32, 339, 10
2016-01-04 13:00:00, Clear, clear-night, 0, 0, 35.56, 30.95, 31.06, 0.83, 1026.45, 5.38, 338, 10
2016-01-04 14:00:00, Clear, clear-day, 0, 0, 36.57, 31.64, 31.06, 0.8, 1026.98, 6.04, 354, 9.87
2016-01-04 15:00:00, Clear, clear-day, 0, 0, 44.38, 39.46, 33.12, 0.64, 1027.47, 9.04, 15, 10
2016-01-04 16:00:00, Clear, clear-day, 0, 0, 48.69, 44.63, 32.68, 0.54, 1027.9, 9.39, 31, 9.87
2016-01-04 17:00:00, Clear, clear-day, 0, 0, 52.07, 52.07, 32.59, 0.47, 1028.13, 8, 40, 10
2016-01-04 18:00:00, Clear, clear-day, 0, 0, 55.14, 55.14, 32.83, 0.43, 1027.39, 6.34, 54, 9.87
2016-01-04 19:00:00, Clear, clear-day, 0, 0, 57.07, 57.07, 32.63, 0.39, 1026.03, 5.49, 28, 9.87
2016-01-04 20:00:00, Clear, clear-day, 0, 0, 58.31, 58.31, 31.95, 0.37, 1024.62, 3.85, 42, 9.87
2016-01-04 21:00:00, Clear, clear-day, 0, 0, 59.64, 59.64, 32.44, 0.36, 1023.89, 4.43, 43, 10
2016-01-04 22:00:00, Clear, clear-day, 0, 0, 59.48, 59.48, 31.92, 0.35, 1023.5, 6.2, 58, 10
2016-01-04 23:00:00, Clear, clear-day, 0, 0, 57.59, 57.59, 33.06, 0.39, 1023.8, 5.89, 71, 10
2016-01-05 00:00:00, Clear, clear-night, 0, 0, 52.11, 52.11, 33.54, 0.49, 1024.03, 5.52, 94, 10
2016-01-05 01:00:00, Clear, clear-night, 0, 0, 48.82, 47.69, 34.19, 0.57, 1024.8, 3.77, 81, 10
2016-01-05 02:00:00, Clear, clear-night, 0, 0, 46.79, 45.54, 33.22, 0.59, 1025.32, 3.53, 62, 10
2016-01-05 03:00:00, Clear, clear-night, 0, 0, 45.31, 42.29, 33.29, 0.63, 1025.52, 5.65, 51, 10
2016-01-05 04:00:00, Clear, clear-night, 0, 0, 43.03, 40.19, 33.4, 0.69, 1025.72, 4.78, 39, 10
2016-01-05 05:00:00, Clear, clear-night, 0, 0, 42.39, 38.81, 33.64, 0.71, 1025.41, 5.68, 53, 10
2016-01-05 06:00:00, Clear, clear-night, 0, 0, 41.74, 39.14, 33.41, 0.72, 1025.17, 4.22, 50, 10
2016-01-05 07:00:00, Clear, clear-night, 0, 0, 40.81, 39.12, 33.56, 0.75, 1024.78, 3.14, 26, 10
2016-01-05 08:00:00, Clear, clear-night, 0, 0, 39.84, 36.49, 33.71, 0.79, 1024.64, 4.74, 34, 10
2016-01-05 09:00:00, Clear, clear-night, 0, 0, 39.48, 35.86, 33.53, 0.79, 1024.52, 5.01, 23, 10
2016-01-05 10:00:00, Clear, clear-night, 0, 0, 38.74, 36.52, 33.14, 0.8, 1024.59, 3.36, 12, 10
2016-01-05 11:00:00, Clear, clear-night, 0, 0, 38.06, 34, 33.06, 0.82, 1024.61, 5.25, 28, 10
2016-01-05 12:00:00, Clear, clear-night, 0, 0, 38.55, 35.06, 33.04, 0.8, 1024.68, 4.65, 22, 10
2016-01-05 13:00:00, Clear, clear-night, 0, 0, 38.61, 34.02, 33.17, 0.81, 1024.92, 6.12, 37, 10
2016-01-05 14:00:00, Clear, clear-day, 0, 0, 40.26, 36.1, 34.31, 0.79, 1025.73, 5.94, 45, 10
2016-01-05 15:00:00, Partly Cloudy, partly-cloudy-day, 0, 0, 43.81, 39.31, 36.18, 0.74, 1025.78, 7.84, 68, 10
2016-01-05 16:00:00, Clear, clear-day, 0, 0, 47.03, 42.82, 37.44, 0.69, 1025.93, 8.8, 74, 10
2016-01-05 17:00:00, Clear, clear-day, 0, 0, 50.95, 50.95, 38.8, 0.63, 1025.6, 8.29, 74, 10
2016-01-05 18:00:00, Partly Cloudy, partly-cloudy-day, 0, 0, 53.09, 53.09, 40.24, 0.62, 1024.97, 7.36, 80, 10
2016-01-05 19:00:00, Partly Cloudy, partly-cloudy-day, 0, 0, 53.01, 53.01, 41.07, 0.64, 1023.56, 6.95, 81, 10
2016-01-05 20:00:00, Clear, clear-day, 0, 0, 52.95, 52.95, 42, 0.66, 1022.43, 5.71, 73, 10
2016-01-05 21:00:00, Mostly Cloudy, partly-cloudy-day, 0, 0, 52.98, 52.98, 42.49, 0.67, 1021.57, 5.66, 74, 10
2016-01-05 22:00:00, Clear, clear-day, 0, 0, 53.31, 53.31, 43.36, 0.69, 1021.45, 3.89, 57, 9.97
2016-01-05 23:00:00, Clear, clear-day, 0, 0, 53.29, 53.29, 44.19, 0.71, 1021.52, 3.82, 47, 9.45
2016-01-06 00:00:00, Overcast, cloudy, 0, 0, 52.68, 52.68, 44.7, 0.74, 1021.69, 4.42, 30, 9.42
2016-01-06 01:00:00, Clear, clear-night, 0.0003, 0.03, 52.34, 52.34, 45, 0.76, 1022.02, 3.28, 44, 9.35
2016-01-06 02:00:00, Clear, clear-night, 0.0005, 0.05, 52.16, 52.16, 45.32, 0.77, 1022.45, 4.58, 78, 9.34
2016-01-06 03:00:00, Overcast, cloudy, 0.0003, 0.03, 51.4, 51.4, 46.89, 0.85, 1022.65, 6.18, 88, 8.02
2016-01-06 04:00:00, Clear, clear-night, 0, 0, 51.18, 51.18, 47.59, 0.87, 1022.83, 5.87, 84, 8.98
2016-01-06 05:00:00, Clear, clear-night, 0.0025, 0.25, 50.55, 50.55, 47.01, 0.88, 1022.45, 7.06, 94, 7.11
2016-01-06 06:00:00, Overcast, cloudy, 0.003, 0.3, 49.58, 46.91, 46.86, 0.9, 1021.94, 6.5, 86, 7.06
2016-01-06 07:00:00, Clear, clear-night, 0.0011, 0.11, 49.52, 47.09, 46.91, 0.91, 1021.32, 6, 85, 6.7
2016-01-06 08:00:00, Clear, clear-night, 0.0003, 0.03, 49.58, 47.11, 46.97, 0.91, 1020.93, 6.1, 88, 4.88
2016-01-06 09:00:00, Overcast, cloudy, 0.0002, 0.02, 48.58, 45.97, 46.76, 0.93, 1020.61, 6.02, 88, 6.05
2016-01-06 10:00:00, Clear, clear-night, 0.0026, 0.25, 48.49, 46.3, 45.78, 0.9, 1020.27, 5.23, 73, 7.02
2016-01-06 11:00:00, Clear, clear-night, 0.0003, 0.03, 48.16, 45.68, 45.32, 0.9, 1019.95, 5.62, 79, 7.87
2016-01-06 12:00:00, Overcast, cloudy, 0.0003, 0.03, 47.95, 45.78, 44.77, 0.89, 1019.71, 5.04, 74, 7.69
2016-01-06 13:00:00, Clear, clear-night, 0.0023, 0.23, 47.85, 45.29, 45.01, 0.9, 1019.78, 5.68, 68, 7.64
2016-01-06 14:00:00, Clear, clear-day, 0, 0, 47.81, 45.04, 44.07, 0.87, 1019.74, 6.02, 72, 7.7
2016-01-06 15:00:00, Overcast, cloudy, 0, 0, 48.21, 45.35, 44.51, 0.87, 1019.77, 6.35, 71, 8.26
2016-01-06 16:00:00, Clear, clear-day, 0.0002, 0.02, 49.27, 46.68, 45.32, 0.86, 1019.7, 6.22, 65, 8.28
2016-01-06 17:00:00, Clear, clear-day, 0.0002, 0.02, 50.27, 50.27, 46.32, 0.86, 1019.36, 6.04, 67, 8.28
2016-01-06 18:00:00, Overcast, cloudy, 0, 0, 51.41, 51.41, 47.68, 0.87, 1017.91, 5.9, 74, 7.21
2016-01-06 19:00:00, Clear, clear-day, 0, 0, 52.35, 52.35, 49.22, 0.89, 1016.37, 5.59, 66, 5.67
2016-01-06 20:00:00, Clear, clear-day, 0.0004, 0.04, 53.4, 53.4, 49.94, 0.88, 1015.28, 6.09, 64, 4.65
2016-01-06 21:00:00, Overcast, cloudy, 0.0049, 0.4, 53.46, 53.46, 51.34, 0.93, 1014.35, 4.7, 69, 3.94
2016-01-06 22:00:00, Clear, clear-day, 0.0073, 0.27, 53.56, 53.56, 51.59, 0.93, 1013.77, 3.38, 39, 3.94
2016-01-06 23:00:00, Clear, clear-day, 0.0117, 0.59, 53.71, 53.71, 51.78, 0.93, 1013.73, 4.15, 2, 2.81
2016-01-07 00:00:00, Mostly Cloudy, partly-cloudy-night, 0.0045, 0.1, 53.69, 53.69, 51.84, 0.93, 1013.79, 4.09, 354, 3.11
2016-01-07 01:00:00, Clear, clear-night, 0.0068, 0.27, 53.81, 53.81, 51.98, 0.93, 1013.65, 3.71, 10, 3.06
2016-01-07 02:00:00, Clear, clear-night, 0.0017, 0.09, 53.9, 53.9, 52, 0.93, 1013.74, 3.17, 339, 3.34
2016-01-07 03:00:00, Overcast, cloudy, 0.0021, 0.21, 53.8, 53.8, 52.79, 0.96, 1014.02, 2.78, 333, 3.72
2016-01-07 04:00:00, Clear, clear-night, 0.004, 0.4, 53.32, 53.32, 52.25, 0.96, 1013.62, 2.21, 318, 4.66
2016-01-07 05:00:00, Clear, clear-night, 0, 0, 53.19, 53.19, 51.81, 0.95, 1013.42, 1.48, 271, 3.89
2016-01-07 06:00:00, Overcast, cloudy, 0, 0, 53.33, 53.33, 52.37, 0.97, 1013.06, 1.83, 314, 3.67
2016-01-07 07:00:00, Clear, clear-night, 0, 0, 53.75, 53.75, 52.49, 0.95, 1013.07, 2.65, 320, 3.39
2016-01-07 08:00:00, Clear, clear-night, 0, 0, 53.75, 53.75, 52.46, 0.95, 1012.71, 1.87, 18, 4.03
2016-01-07 09:00:00, Overcast, cloudy, 0.0009, 0.09, 53.43, 53.43, 52.33, 0.96, 1011.85, 0.36, 17, 3.4
2016-01-07 10:00:00, Clear, clear-night, 0, 0, 53.55, 53.55, 52.64, 0.97, 1012.07, 2.66, 330, 3.34
2016-01-07 11:00:00, Clear, clear-night, 0, 0, 53.42, 53.42, 52.05, 0.95, 1011.79, 4.14, 330, 3.21
2016-01-07 12:00:00, Overcast, cloudy, 0, 0, 53.1, 53.1, 51.97, 0.96, 1011.98, 0.9, 203, 3.96
2016-01-07 13:00:00, Clear, clear-night, 0, 0, 52.1, 52.1, 50.44, 0.94, 1012.5, 2.96, 288, 4.07
2016-01-07 14:00:00, Partly Cloudy, partly-cloudy-day, 0, 0, 52.41, 52.41, 50.6, 0.94, 1012.9, 4.83, 302, 5.87
2016-01-07 15:00:00, Clear, clear-day, 0, 0, 54.13, 54.13, 51.27, 0.9, 1013.21, 6.78, 316, 9.38
2016-01-07 16:00:00, Partly Cloudy, partly-cloudy-day, 0, 0, 55.97, 55.97, 52.08, 0.87, 1013.93, 6.25, 310, 9.4
2016-01-07 17:00:00, Clear, clear-day, 0, 0, 59.2, 59.2, 52.78, 0.79, 1013.68, 3.13, 292, 9.82
2016-01-07 18:00:00, Clear, clear-day, 0.0002, 0.02, 63.48, 63.48, 52.7, 0.68, 1012.51, 4.22, 230, 9.93
2016-01-07 19:00:00, Clear, clear-day, 0.0002, 0.02, 66.99, 66.99, 51.72, 0.58, 1011.33, 4.57, 177, 9.73
2016-01-07 20:00:00, Clear, clear-day, 0, 0, 69.14, 69.14, 51.44, 0.53, 1009.98, 4.51, 205, 10
2016-01-07 21:00:00, Clear, clear-day, 0, 0, 70.03, 70.03, 50.21, 0.49, 1009.5, 6.11, 203, 9.87
2016-01-07 22:00:00, Clear, clear-day, 0, 0, 70.25, 70.25, 49.81, 0.48, 1009.32, 6.52, 194, 10
2016-01-07 23:00:00, Clear, clear-day, 0, 0, 68.84, 68.84, 50.29, 0.52, 1009.31, 6.67, 190, 10
2016-01-08 00:00:00, Clear, clear-night, 0, 0, 63.69, 63.69, 49.74, 0.6, 1009.73, 4.56, 185, 10
2016-01-08 01:00:00, Clear, clear-night, 0, 0, 57.42, 57.42, 49.48, 0.75, 1010.21, 5.8, 167, 9.93
2016-01-08 02:00:00, Clear, clear-night, 0, 0, 55.19, 55.19, 49.48, 0.81, 1010.63, 2.93, 177, 10
2016-01-08 03:00:00, Clear, clear-night, 0, 0, 53.49, 53.49, 48.69, 0.84, 1011.07, 1.93, 172, 10
2016-01-08 04:00:00, Clear, clear-night, 0, 0, 50.82, 50.82, 47.56, 0.89, 1011.31, 1.53, 288, 9.66
2016-01-08 05:00:00, Clear, clear-night, 0, 0, 48.62, 48.62, 45.81, 0.9, 1010.96, 1.75, 208, 9.36
2016-01-08 06:00:00, Clear, clear-night, 0, 0, 46.35, 46.35, 44.66, 0.94, 1010.32, 2.1, 285, 6.35
2016-01-08 07:00:00, Clear, clear-night, 0, 0, 45.47, 45.47, 43.8, 0.94, 1009.36, 2.64, 334, 7.78
2016-01-08 08:00:00, Clear, clear-night, 0, 0, 44.43, 44.43, 42.95, 0.95, 1009.25, 2.23, 310, 8.02
2016-01-08 09:00:00, Clear, clear-night, 0, 0, 43.23, 41.28, 41.82, 0.95, 1009.04, 3.74, 328, 6.63
2016-01-08 10:00:00, Clear, clear-night, 0, 0, 41.71, 41.71, 40.26, 0.95, 1008.43, 1.59, 1, 6.81
2016-01-08 11:00:00, Clear, clear-night, 0, 0, 41.11, 38.32, 39.87, 0.95, 1007.93, 4.31, 324, 7
2016-01-08 12:00:00, Clear, clear-night, 0, 0, 43.21, 40.96, 41.74, 0.94, 1008.61, 4.07, 322, 5.57
2016-01-08 13:00:00, Clear, clear-night, 0, 0, 42.51, 40.32, 40.59, 0.93, 1009.01, 3.88, 313, 4.66
2016-01-08 14:00:00, Clear, clear-day, 0, 0, 42.67, 42.67, 41.72, 0.96, 1009.26, 0.65, 113, 3.94
2016-01-08 15:00:00, Clear, clear-day, 0, 0, 46.57, 46.57, 45.06, 0.94, 1009.55, 1.59, 125, 3.56
2016-01-08 16:00:00, Partly Cloudy, partly-cloudy-day, 0, 0, 53.45, 53.45, 50.76, 0.91, 1010.23, 1.39, 169, 3.77
2016-01-08 17:00:00, Clear, clear-day, 0, 0, 56.17, 56.17, 52.95, 0.89, 1010.35, 3.58, 157, 4.41
2016-01-08 18:00:00, Partly Cloudy, partly-cloudy-day, 0, 0, 58.62, 58.62, 54.45, 0.86, 1009.21, 4.63, 174, 5.34
2016-01-08 19:00:00, Clear, clear-day, 0, 0, 60.5, 60.5, 55.23, 0.83, 1007.53, 5.82, 180, 8.48
2016-01-08 20:00:00, Clear, clear-day, 0, 0, 62.93, 62.93, 54.34, 0.74, 1006.05, 2.89, 173, 9.68
2016-01-08 21:00:00, Clear, clear-day, 0.0003, 0.03, 65.19, 65.19, 53.09, 0.65, 1004.89, 3.25, 182, 9.93
2016-01-08 22:00:00, Clear, clear-day, 0.0002, 0.02, 66.05, 66.05, 53.18, 0.63, 1004.48, 4.06, 149, 10
2016-01-08 23:00:00, Clear, clear-day, 0, 0, 65.32, 65.32, 52.79, 0.64, 1004.66, 5.44, 172, 10
2016-01-09 00:00:00, Clear, clear-night, 0, 0, 59.78, 59.78, 52.22, 0.76, 1005.61, 2.34, 168, 10
2016-01-09 01:00:00, Clear, clear-night, 0, 0, 55.91, 55.91, 51.41, 0.85, 1005.96, 0.8, 340, 9.92
2016-01-09 02:00:00, Clear, clear-night, 0, 0, 54.51, 54.51, 50.14, 0.85, 1006.44, 5.3, 313, 8.58
2016-01-09 03:00:00, Clear, clear-night, 0, 0, 56.59, 56.59, 51.22, 0.82, 1006.51, 7.73, 315, 9.57
2016-01-09 04:00:00, Clear, clear-night, 0, 0, 58.03, 58.03, 51.08, 0.78, 1008.33, 9.08, 283, 9.43
2016-01-09 05:00:00, Clear, clear-night, 0.0028, 0.02, 61.22, 61.22, 39.02, 0.44, 1009.98, 10.81, 300, 9.81
2016-01-09 06:00:00, Partly Cloudy, partly-cloudy-night, 0, 0, 60.56, 60.56, 36.08, 0.4, 1010.44, 8.45, 302, 10
2016-01-09 07:00:00, Clear, clear-night, 0, 0, 58.61, 58.61, 35.37, 0.42, 1009.88, 5.71, 309, 10
2016-01-09 08:00:00, Clear, clear-night, 0, 0, 55.59, 55.59, 34.46, 0.45, 1010.49, 10.07, 302, 10
2016-01-09 09:00:00, Clear, clear-night, 0, 0, 54.53, 54.53, 32.92, 0.44, 1010.85, 9.3, 304, 10
2016-01-09 10:00:00, Clear, clear-night, 0, 0, 53.11, 53.11, 31.83, 0.44, 1010.86, 9.89, 299, 10
2016-01-09 11:00:00, Clear, clear-night, 0, 0, 51.7, 51.7, 31.77, 0.46, 1011.23, 9.32, 302, 10
2016-01-09 12:00:00, Clear, clear-night, 0, 0, 50.28, 50.28, 32.31, 0.5, 1011.85, 10.12, 302, 10
2016-01-09 13:00:00, Clear, clear-night, 0, 0, 47.01, 43.49, 32.57, 0.57, 1012.87, 7.19, 302, 10
2016-01-09 14:00:00, Clear, clear-day, 0, 0, 46.47, 42.01, 34, 0.62, 1013.98, 9.1, 317, 10
2016-01-09 15:00:00, Clear, clear-day, 0, 0, 50.18, 50.18, 36.35, 0.59, 1014.77, 15.09, 329, 10
2016-01-09 16:00:00, Clear, clear-day, 0, 0, 52.74, 52.74, 36.99, 0.55, 1015.64, 13.87, 327, 10
2016-01-09 17:00:00, Clear, clear-day, 0, 0, 55.57, 55.57, 36.64, 0.49, 1015.93, 14.53, 323, 10
2016-01-09 18:00:00, Breezy, wind, 0, 0, 57.96, 57.96, 35.91, 0.44, 1015.78, 16.42, 325, 10
2016-01-09 19:00:00, Breezy, wind, 0, 0, 58.86, 58.86, 34.45, 0.4, 1015.31, 16.32, 327, 10
2016-01-09 20:00:00, Clear, clear-day, 0, 0, 58.29, 58.29, 34.59, 0.41, 1015.1, 14.83, 330, 10
2016-01-09 21:00:00, Clear, clear-day, 0, 0, 57.12, 57.12, 34.25, 0.42, 1015.66, 16.31, 331, 10
2016-01-09 22:00:00, Clear, clear-day, 0, 0, 55.52, 55.52, 32.57, 0.42, 1016.19, 14.38, 336, 10
2016-01-09 23:00:00, Clear, clear-day, 0, 0, 53.09, 53.09, 31, 0.43, 1017.26, 14.47, 347, 10
2016-01-10 00:00:00, Clear, clear-night, 0, 0, 49.01, 44.18, 30.52, 0.49, 1018.46, 11.99, 354, 10
2016-01-10 01:00:00, Clear, clear-night, 0, 0, 46.39, 41.06, 30.46, 0.54, 1019.82, 11.46, 358, 10
2016-01-10 02:00:00, Clear, clear-night, 0, 0, 43.73, 38.51, 30.07, 0.58, 1020.93, 9.4, 0, 10
2016-01-10 03:00:00, Clear, clear-night, 0, 0, 42.1, 36.63, 29.48, 0.61, 1021.94, 9.1, 1, 10
2016-01-10 04:00:00, Clear, clear-night, 0, 0, 40.26, 34.4, 29.02, 0.64, 1022.28, 9.01, 0, 10
2016-01-10 05:00:00, Clear, clear-night, 0, 0, 38.93, 33.17, 29.48, 0.69, 1022.73, 8.23, 10, 10
2016-01-10 06:00:00, Clear, clear-night, 0, 0, 38.18, 33.06, 28.96, 0.69, 1022.89, 6.81, 9, 10
2016-01-10 07:00:00, Clear, clear-night, 0, 0, 37.4, 31.29, 28.82, 0.71, 1022.55, 8.25, 7, 10
2016-01-10 08:00:00, Clear, clear-night, 0, 0, 36.44, 30.85, 28.66, 0.73, 1022.77, 7, 4, 10
2016-01-10 09:00:00, Clear, clear-night, 0, 0, 36.33, 31.87, 28.05, 0.72, 1022.8, 5.36, 2, 10
2016-01-10 10:00:00, Clear, clear-night, 0, 0, 35.78, 30.04, 27.63, 0.72, 1023, 7.01, 0, 10
2016-01-10 11:00:00, Clear, clear-night, 0, 0, 35.34, 30, 27.07, 0.72, 1023.39, 6.29, 1, 10
2016-01-10 12:00:00, Clear, clear-night, 0, 0, 34.73, 31.13, 27.05, 0.73, 1024.36, 4.11, 351, 10
2016-01-10 13:00:00, Clear, clear-night, 0, 0, 31.87, 27.26, 26.76, 0.81, 1025.81, 4.64, 346, 10
2016-01-10 14:00:00, Clear, clear-day, 0, 0, 32.11, 32.11, 26.87, 0.81, 1027.07, 1.47, 253, 10
2016-01-10 15:00:00, Clear, clear-day, 0, 0, 37.45, 37.45, 29.25, 0.72, 1027.85, 1.96, 338, 10
2016-01-10 16:00:00, Clear, clear-day, 0, 0, 41.16, 38.31, 28.46, 0.6, 1028.67, 4.4, 14, 10
2016-01-10 17:00:00, Clear, clear-day, 0, 0, 43.17, 41.89, 28.47, 0.56, 1028.43, 3.06, 300, 10
2016-01-10 18:00:00, Clear, clear-day, 0, 0, 46.1, 46.1, 28.75, 0.5, 1027.35, 0.88, 309, 10
2016-01-10 19:00:00, Clear, clear-day, 0, 0, 47.97, 47.97, 28.78, 0.47, 1025.65, 2.35, 357, 10
2016-01-10 20:00:00, Clear, clear-day, 0, 0, 50.05, 50.05, 28.79, 0.44, 1024.39, 2.82, 38, 10
2016-01-10 21:00:00, Clear, clear-day, 0, 0, 51.98, 51.98, 28.76, 0.41, 1023.47, 4.63, 71, 10
2016-01-10 22:00:00, Clear, clear-day, 0, 0, 51.71, 51.71, 28.12, 0.4, 1023.1, 2.46, 69, 10
2016-01-10 23:00:00, Clear, clear-day, 0, 0, 50.29, 50.29, 29.4, 0.44, 1022.83, 5.11, 99, 10
2016-01-11 00:00:00, Clear, clear-night, 0, 0, 47.67, 44.71, 30.47, 0.51, 1023.11, 6.35, 103, 10
2016-01-11 01:00:00, Clear, clear-night, 0, 0, 45.51, 41.83, 30.85, 0.56, 1023.82, 6.9, 93, 10
2016-01-11 02:00:00, Clear, clear-night, 0, 0, 44.96, 41.83, 30.44, 0.56, 1024.53, 5.73, 79, 10
2016-01-11 03:00:00, Clear, clear-night, 0, 0, 43.95, 39.6, 29.57, 0.57, 1024.67, 7.58, 70, 10
2016-01-11 04:00:00, Clear, clear-night, 0, 0, 42.88, 39.02, 29.56, 0.59, 1024.6, 6.27, 64, 10
2016-01-11 05:00:00, Clear, clear-night, 0, 0, 41.55, 37.68, 29.03, 0.61, 1024.19, 5.88, 66, 10
2016-01-11 06:00:00, Partly Cloudy, partly-cloudy-night, 0, 0, 39.42, 35.67, 28.95, 0.66, 1024.3, 5.16, 45, 10
2016-01-11 07:00:00, Clear, clear-night, 0, 0, 38.73, 35.2, 29.26, 0.68, 1023.85, 4.72, 36, 10
2016-01-11 08:00:00, Clear, clear-night, 0, 0, 37.79, 34.46, 29.26, 0.71, 1023.65, 4.32, 45, 10
2016-01-11 09:00:00, Partly Cloudy, partly-cloudy-night, 0, 0, 36.92, 34.87, 29.42, 0.74, 1023.36, 3.01, 13, 10
2016-01-11 10:00:00, Clear, clear-night, 0, 0, 36.17, 33.71, 29.1, 0.75, 1023.58, 3.26, 12, 10
2016-01-11 11:00:00, Clear, clear-night, 0, 0, 35.61, 35.61, 28.96, 0.76, 1023.38, 2.53, 23, 10
2016-01-11 12:00:00, Partly Cloudy, partly-cloudy-night, 0, 0, 35.06, 30.99, 28.45, 0.77, 1023.32, 4.64, 36, 10
2016-01-11 13:00:00, Clear, clear-night, 0, 0, 35.19, 30.77, 27.76, 0.74, 1023.51, 5.06, 43, 10
2016-01-11 14:00:00, Clear, clear-day, 0, 0, 35.66, 31.92, 27.87, 0.73, 1023.83, 4.39, 42, 10
2016-01-11 15:00:00, Clear, clear-day, 0, 0, 39.59, 35.01, 28.32, 0.64, 1024.38, 6.4, 49, 10
2016-01-11 16:00:00, Clear, clear-day, 0, 0, 42.56, 38.19, 28.77, 0.58, 1024.73, 7.07, 48, 10
2016-01-11 17:00:00, Clear, clear-day, 0, 0, 45.44, 43.4, 29.16, 0.53, 1024.77, 4.26, 75, 10
2016-01-11 18:00:00, Mostly Cloudy, partly-cloudy-day, 0, 0, 48.69, 46.39, 30.95, 0.5, 1023.99, 5.49, 77, 10
2016-01-11 19:00:00, Clear, clear-day, 0, 0, 51.55, 51.55, 31.16, 0.45, 1022.28, 3.81, 72, 10
2016-01-11 20:00:00, Partly Cloudy, partly-cloudy-day, 0, 0, 53.53, 53.53, 33.65, 0.47, 1021.23, 3.36, 67, 10
2016-01-11 21:00:00, Partly Cloudy, partly-cloudy-day, 0.0025, 0.04, 54.92, 54.92, 35.83, 0.48, 1020.68, 4.66, 133, 10
2016-01-11 22:00:00, Partly Cloudy, partly-cloudy-day, 0, 0, 54.96, 54.96, 36.47, 0.5, 1021.05, 2.55, 108, 10
2016-01-11 23:00:00, Clear, clear-day, 0, 0, 54.26, 54.26, 37.59, 0.53, 1021.58, 3.29, 126, 10
2016-01-12 00:00:00, Clear, clear-night, 0, 0, 51.41, 51.41, 37.87, 0.6, 1022.24, 3.77, 148, 10
2016-01-12 01:00:00, Clear, clear-night, 0, 0, 48.74, 47.39, 37.89, 0.66, 1023.03, 4.03, 162, 10
2016-01-12 02:00:00, Clear, clear-night, 0, 0, 45.12, 45.12, 36.86, 0.73, 1023.69, 2.73, 187, 10
2016-01-12 03:00:00, Clear, clear-night, 0, 0, 42.58, 42.58, 36.42, 0.79, 1024.04, 2.66, 258, 10
2016-01-12 04:00:00, Clear, clear-night, 0, 0, 40.35, 40.35, 36.04, 0.84, 1024.15, 1.9, 307, 10
2016-01-12 05:00:00, Clear, clear-night, 0, 0, 39.01, 35.9, 35.37, 0.87, 1024.34, 4.29, 323, 10
2016-01-12 06:00:00, Clear, clear-night, 0, 0, 37.5, 34.29, 34.78, 0.9, 1024.31, 4.15, 314, 10
2016-01-12 07:00:00, Clear, clear-night, 0, 0, 36.93, 33.78, 34.17, 0.9, 1024.28, 4, 315, 10
2016-01-12 08:00:00, Clear, clear-night, 0, 0, 36.3, 33.04, 33.85, 0.91, 1024.54, 4, 303, 9.53
2016-01-12 09:00:00, Clear, clear-night, 0, 0, 35.57, 31.9, 33.41, 0.92, 1024.55, 4.29, 319, 9.79
2016-01-12 10:00:00, Clear, clear-night, 0, 0, 35.15, 31.33, 32.85, 0.91, 1024.69, 4.38, 308, 10
2016-01-12 11:00:00, Clear, clear-night, 0, 0, 34.14, 34.14, 31.62, 0.9, 1024.91, 2.89, 318, 9.29
2016-01-12 12:00:00, Clear, clear-night, 0, 0, 34.28, 31.17, 31.79, 0.9, 1025.31, 3.59, 296, 9.96
2016-01-12 13:00:00, Clear, clear-night, 0, 0, 34.27, 30.42, 31.95, 0.91, 1025.54, 4.27, 307, 9.54
2016-01-12 14:00:00, Clear, clear-day, 0, 0, 34.86, 31.02, 32.71, 0.92, 1026.11, 4.36, 313, 9
2016-01-12 15:00:00, Clear, clear-day, 0, 0, 43.12, 41.72, 37.91, 0.82, 1026.46, 3.16, 308, 9.98
2016-01-12 16:00:00, Clear, clear-day, 0, 0, 51.64, 51.64, 40.71, 0.66, 1026.91, 6.2, 278, 9.96
2016-01-12 17:00:00, Clear, clear-day, 0, 0, 56.12, 56.12, 40.6, 0.56, 1026.93, 6.25, 277, 10
2016-01-12 18:00:00, Clear, clear-day, 0, 0, 60.48, 60.48, 40.03, 0.47, 1026.34, 4.96, 298, 10
2016-01-12 19:00:00, Clear, clear-day, 0, 0, 62.7, 62.7, 37.72, 0.4, 1025.07, 2.06, 233, 10
2016-01-12 20:00:00, Clear, clear-day, 0, 0, 63.86, 63.86, 36.23, 0.36, 1023.76, 2.91, 210, 9.87
2016-01-12 21:00:00, Clear, clear-day, 0, 0, 64.56, 64.56, 36.33, 0.35, 1022.93, 2.86, 164, 9.67
2016-01-12 22:00:00, Clear, clear-day, 0, 0, 64.21, 64.21, 36.02, 0.35, 1022.85, 3.27, 145, 10
2016-01-12 23:00:00, Clear, clear-day, 0, 0, 62.88, 62.88, 36.88, 0.38, 1022.97, 4.91, 152, 10
2016-01-13 00:00:00, Clear, clear-night, 0, 0, 57.09, 57.09, 37.34, 0.48, 1023.45, 4.7, 163, 10
2016-01-13 01:00:00, Clear, clear-night, 0, 0, 52.48, 52.48, 37.08, 0.56, 1023.68, 3.76, 153, 10
2016-01-13 02:00:00, Clear, clear-night, 0, 0, 51.33, 51.33, 37.14, 0.58, 1024.01, 5.83, 166, 10
2016-01-13 03:00:00, Clear, clear-night, 0, 0, 47.9, 46.16, 37.3, 0.67, 1024.08, 4.38, 165, 10
2016-01-13 04:00:00, Clear, clear-night, 0, 0, 45.57, 45.57, 37.06, 0.72, 1024.16, 2.7, 168, 10
2016-01-13 05:00:00, Clear, clear-night, 0, 0, 43.68, 42.47, 36.53, 0.76, 1024.14, 3.06, 171, 10
2016-01-13 06:00:00, Clear, clear-night, 0, 0, 42.58, 42.58, 36.62, 0.79, 1023.85, 1.99, 352, 10
2016-01-13 07:00:00, Clear, clear-night, 0, 0, 40.94, 39.1, 36.15, 0.83, 1023.64, 3.29, 311, 9.29
2016-01-13 08:00:00, Clear, clear-night, 0, 0, 38.98, 36.39, 35.7, 0.88, 1023.69, 3.75, 310, 8.95
2016-01-13 09:00:00, Clear, clear-night, 0, 0, 37.89, 34.25, 34.91, 0.89, 1023.38, 4.7, 311, 9.39
2016-01-13 10:00:00, Clear, clear-night, 0, 0, 36.8, 32.8, 34.49, 0.91, 1022.76, 4.9, 319, 9.93
2016-01-13 11:00:00, Clear, clear-night, 0, 0, 36.87, 34.22, 34.53, 0.91, 1022.88, 3.51, 309, 8.58
2016-01-13 12:00:00, Clear, clear-night, 0, 0, 35.76, 31.84, 33.36, 0.91, 1022.99, 4.6, 337, 9.39
2016-01-13 13:00:00, Clear, clear-night, 0, 0, 35.13, 35.13, 33.12, 0.92, 1023.29, 2.97, 329, 8.42
2016-01-13 14:00:00, Clear, clear-day, 0, 0, 35.9, 32.67, 33.33, 0.9, 1023.66, 3.92, 313, 8.15
2016-01-13 15:00:00, Clear, clear-day, 0, 0, 43.46, 43.46, 39.15, 0.85, 1023.68, 2.02, 317, 9.2
2016-01-13 16:00:00, Clear, clear-day, 0, 0, 52.23, 52.23, 41.55, 0.67, 1023.98, 3.8, 234, 9.25
2016-01-13 17:00:00, Clear, clear-day, 0, 0, 57.3, 57.3, 41.41, 0.55, 1023.97, 6.92, 204, 10
2016-01-13 18:00:00, Clear, clear-day, 0, 0, 60.85, 60.85, 41.71, 0.49, 1022.9, 8.16, 185, 10
2016-01-13 19:00:00, Clear, clear-day, 0, 0, 62.52, 62.52, 41.81, 0.47, 1021.3, 6.82, 194, 10
2016-01-13 20:00:00, Clear, clear-day, 0, 0, 64.14, 64.14, 41.28, 0.43, 1020.09, 8.46, 177, 10
2016-01-13 21:00:00, Partly Cloudy, partly-cloudy-day, 0, 0, 64.38, 64.38, 41.12, 0.43, 1019.11, 7.45, 191, 10
2016-01-13 22:00:00, Clear, clear-day, 0, 0, 64.41, 64.41, 40.93, 0.42, 1018.8, 7.48, 177, 10
2016-01-13 23:00:00, Clear, clear-day, 0, 0, 61.99, 61.99, 41.3, 0.47, 1019.12, 7.04, 173, 10
2016-01-14 00:00:00, Partly Cloudy, partly-cloudy-night, 0, 0, 57.83, 57.83, 40.69, 0.53, 1018.96, 5.14, 165, 10
2016-01-14 01:00:00, Clear, clear-night, 0, 0, 54.74, 54.74, 40.87, 0.59, 1018.75, 5.28, 164, 10
2016-01-14 02:00:00, Clear, clear-night, 0, 0, 52.25, 52.25, 41.19, 0.66, 1018.5, 4.56, 170, 10
2016-01-14 03:00:00, Clear, clear-night, 0, 0, 49.65, 48.46, 41.85, 0.74, 1018.45, 4, 173, 10
2016-01-14 04:00:00, Clear, clear-night, 0, 0, 47.44, 45.66, 41.36, 0.79, 1018.36, 4.34, 180, 10
2016-01-14 05:00:00, Partly Cloudy, partly-cloudy-night, 0, 0, 47.37, 46.34, 42.54, 0.83, 1018.17, 3.39, 256, 10
2016-01-14 06:00:00, Mostly Cloudy, partly-cloudy-night, 0, 0, 49.16, 49.16, 44.35, 0.83, 1017.58, 1.64, 320, 10
2016-01-14 07:00:00, Clear, clear-night, 0, 0, 49.92, 49.92, 45.11, 0.83, 1016.78, 2.91, 291, 10
2016-01-14 08:00:00, Clear, clear-night, 0, 0, 49.55, 49.55, 44.91, 0.84, 1015.97, 1.5, 249, 9.82
2016-01-14 09:00:00, Mostly Cloudy, partly-cloudy-night, 0, 0, 49.17, 49.17, 45.15, 0.86, 1015.37, 1.62, 12, 10
2016-01-14 10:00:00, Clear, clear-night, 0, 0, 49.13, 49.13, 45.76, 0.88, 1014.65, 2.95, 338, 10
2016-01-14 11:00:00, Clear, clear-night, 0, 0, 50.16, 50.16, 46.4, 0.87, 1014.63, 1.76, 321, 10
2016-01-14 12:00:00, Mostly Cloudy, partly-cloudy-night, 0, 0, 51.17, 51.17, 47.36, 0.87, 1014.45, 1.69, 48, 10
2016-01-14 13:00:00, Clear, clear-night, 0, 0, 51.19, 51.19, 47.18, 0.86, 1014.48, 1.01, 334, 9.85
2016-01-14 14:00:00, Clear, clear-day, 0, 0, 51.94, 51.94, 48.18, 0.87, 1014.86, 2.52, 301, 9.86
2016-01-14 15:00:00, Mostly Cloudy, partly-cloudy-day, 0, 0, 55.74, 55.74, 49.85, 0.81, 1015.04, 1.55, 319, 10
2016-01-14 16:00:00, Clear, clear-day, 0, 0, 59.03, 59.03, 52.18, 0.78, 1015.33, 4.62, 162, 10
2016-01-14 17:00:00, Partly Cloudy, partly-cloudy-day, 0, 0, 61.18, 61.18, 53.27, 0.75, 1014.78, 5.19, 178, 9.32
2016-01-14 18:00:00, Partly Cloudy, partly-cloudy-day, 0, 0, 64.37, 64.37, 54.5, 0.7, 1013.36, 7.28, 175, 10
2016-01-14 19:00:00, Partly Cloudy, partly-cloudy-day, 0, 0, 68.01, 68.01, 55.42, 0.64, 1011.32, 8.3, 196, 10
2016-01-14 20:00:00, Clear, clear-day, 0, 0, 68.29, 68.29, 55.02, 0.63, 1009.41, 9.49, 188, 10
2016-01-14 21:00:00, Partly Cloudy, partly-cloudy-day, 0, 0, 68.48, 68.48, 54.53, 0.61, 1008.18, 10.36, 192, 10
2016-01-14 22:00:00, Partly Cloudy, partly-cloudy-day, 0, 0, 69.26, 69.26, 54.26, 0.59, 1007.89, 9.96, 194, 10
2016-01-14 23:00:00, Partly Cloudy, partly-cloudy-day, 0, 0, 67.62, 67.62, 54.47, 0.63, 1007.64, 8.64, 193, 10
2016-01-15 00:00:00, Clear, clear-night, 0, 0, 63.59, 63.59, 54.3, 0.72, 1007.32, 7.13, 183, 10
2016-01-15 01:00:00, Clear, clear-night, 0, 0, 59.64, 59.64, 53.37, 0.8, 1007.76, 3.98, 192, 10
2016-01-15 02:00:00, Clear, clear-night, 0, 0, 57.01, 57.01, 53.01, 0.86, 1007.88, 3.74, 201, 10
2016-01-15 03:00:00, Clear, clear-night, 0, 0, 54.4, 54.4, 51.3, 0.89, 1007.71, 6.18, 210, 8.65
2016-01-15 04:00:00, Clear, clear-night, 0, 0, 52.45, 52.45, 50.2, 0.92, 1007.45, 2.62, 230, 7.37
2016-01-15 05:00:00, Clear, clear-night, 0, 0, 51.78, 51.78, 49.68, 0.93, 1007.35, 2.16, 261, 7.57
2016-01-15 06:00:00, Clear, clear-night, 0, 0, 51.05, 51.05, 49.18, 0.93, 1007.43, 4.09, 265, 6.14
2016-01-15 07:00:00, Clear, clear-night, 0, 0, 50.11, 50.11, 48.32, 0.94, 1006.99, 3.64, 279, 8.59
2016-01-15 08:00:00, Clear, clear-night, 0, 0, 49.59, 48.63, 47.16, 0.91, 1006.71, 3.68, 267, 8.17
2016-01-15 09:00:00, Clear, clear-night, 0, 0, 48.6, 46.54, 47.02, 0.94, 1006.58, 5.05, 274, 7.78
2016-01-15 10:00:00, Clear, clear-night, 0, 0, 47.43, 45.68, 45.38, 0.93, 1006.64, 4.29, 291, 7.04
2016-01-15 11:00:00, Clear, clear-night, 0, 0, 48.12, 47.19, 45.49, 0.91, 1007, 3.39, 287, 8.02
2016-01-15 12:00:00, Clear, clear-night, 0, 0, 45.42, 43.21, 42.77, 0.9, 1007.3, 4.47, 294, 6.6
2016-01-15 13:00:00, Clear, clear-night, 0, 0, 44.53, 42.24, 40.49, 0.86, 1008.29, 4.39, 302, 7.99
2016-01-15 14:00:00, Clear, clear-day, 0, 0, 43.77, 40.79, 38.56, 0.82, 1009.11, 5.17, 324, 9.78
2016-01-15 15:00:00, Clear, clear-day, 0, 0, 51.3, 51.3, 41.7, 0.7, 1010.02, 6.6, 315, 10
2016-01-15 16:00:00, Clear, clear-day, 0, 0, 59.27, 59.27, 35.37, 0.41, 1011.02, 8.12, 329, 10
2016-01-15 17:00:00, Clear, clear-day, 0, 0, 63.65, 63.65, 33.11, 0.32, 1011.45, 7.35, 326, 10
2016-01-15 18:00:00, Clear, clear-day, 0, 0, 66.57, 66.57, 32.7, 0.28, 1010.97, 5.62, 316, 10
2016-01-15 19:00:00, Clear, clear-day, 0, 0, 69.38, 69.38, 31.04, 0.24, 1009.61, 4.56, 297, 10
2016-01-15 20:00:00, Clear, clear-day, 0, 0, 71.85, 71.85, 28.16, 0.2, 1008.14, 4.82, 304, 9.47
2016-01-15 21:00:00, Clear, clear-day, 0, 0, 72.58, 72.58, 27.96, 0.19, 1007.6, 6.39, 289, 10
2016-01-15 22:00:00, Clear, clear-day, 0, 0, 72.47, 72.47, 25.82, 0.17, 1007.2, 4.82, 267, 9.09
2016-01-15 23:00:00, Clear, clear-day, 0, 0, 71.56, 71.56, 28.32, 0.2, 1007.8, 3.19, 268, 10
2016-01-16 00:00:00, Clear, clear-night, 0, 0, 65.24, 65.24, 32.04, 0.29, 1008.06, 2.89, 144, 10
2016-01-16 01:00:00, Clear, clear-night, 0, 0, 56.49, 56.49, 33.12, 0.41, 1008.35, 3.81, 105, 10
2016-01-16 02:00:00, Clear, clear-night, 0, 0, 52.6, 52.6, 34.38, 0.5, 1008.63, 0.61, 74, 10
2016-01-16 03:00:00, Clear, clear-night, 0, 0, 49.37, 49.37, 34.44, 0.56, 1008.54, 1.52, 18, 10
2016-01-16 04:00:00, Clear, clear-night, 0, 0, 46.27, 44.88, 35.16, 0.65, 1008.2, 3.62, 342, 10
2016-01-16 05:00:00, Clear, clear-night, 0, 0, 45.14, 43.06, 35.36, 0.68, 1008.27, 4.24, 342, 10
2016-01-16 06:00:00, Clear, clear-night, 0, 0, 43.61, 40.69, 35.1, 0.72, 1008.21, 5.03, 335, 10
2016-01-16 07:00:00, Clear, clear-night, 0, 0, 42.28, 40.01, 34.84, 0.75, 1007.48, 3.94, 341, 10
2016-01-16 08:00:00, Clear, clear-night, 0, 0, 43.08, 41.06, 35.02, 0.73, 1007.26, 3.79, 2, 10
2016-01-16 09:00:00, Clear, clear-night, 0, 0, 42.81, 39.32, 35.38, 0.75, 1007.11, 5.66, 349, 10
2016-01-16 10:00:00, Clear, clear-night, 0, 0, 43.37, 40.05, 35.3, 0.73, 1007, 5.56, 348, 10
2016-01-16 11:00:00, Clear, clear-night, 0, 0, 44.06, 40.73, 36.83, 0.76, 1006.99, 5.77, 340, 10
2016-01-16 12:00:00, Clear, clear-night, 0, 0, 45.78, 43.92, 37.97, 0.74, 1008.01, 4.11, 349, 10
2016-01-16 13:00:00, Partly Cloudy, partly-cloudy-night, 0, 0, 47.71, 45.01, 39.38, 0.73, 1008.3, 5.86, 40, 10
2016-01-16 14:00:00, Clear, clear-day, 0, 0, 49.38, 46.17, 39.4, 0.68, 1009.28, 7.62, 353, 10
2016-01-16 15:00:00, Mostly Cloudy, partly-cloudy-day, 0, 0, 52.56, 52.56, 38.82, 0.59, 1011.17, 10.85, 356, 9.92
2016-01-16 16:00:00, Partly Cloudy, partly-cloudy-day, 0.0002, 0.02, 55.27, 55.27, 41.57, 0.6, 1012.04, 7.08, 8, 10
2016-01-16 17:00:00, Clear, clear-day, 0, 0, 58.21, 58.21, 42.1, 0.55, 1011.84, 6.85, 40, 10
2016-01-16 18:00:00, Partly Cloudy, partly-cloudy-day, 0, 0, 63.51, 63.51, 42, 0.45, 1010.9, 11.11, 342, 8.86
2016-01-16 19:00:00, Clear, clear-day, 0.0002, 0.02, 66.65, 66.65, 37.89, 0.35, 1010.09, 13.48, 336, 10
2016-01-16 20:00:00, Clear, clear-day, 0.0002, 0.02, 67.64, 67.64, 34.91, 0.3, 1009.66, 14.34, 316, 10
2016-01-16 21:00:00, Breezy, wind, 0, 0, 67.81, 67.81, 32.65, 0.27, 1009.11, 19.96, 323, 10
2016-01-16 22:00:00, Breezy, wind, 0, 0, 63.65, 63.65, 35.01, 0.34, 1010.77, 21.48, 326, 8.14
2016-01-16 23:00:00, Breezy, wind, 0, 0, 58.53, 58.53, 35.46, 0.42, 1012.96, 20.63, 344, 8.64
2016-01-17 00:00:00, Breezy, wind, 0, 0, 54.06, 54.06, 33.12, 0.45, 1015.36, 18.18, 352, 8.86
2016-01-17 01:00:00, Clear, clear-night, 0, 0, 51.19, 51.19, 31.86, 0.47, 1017.28, 13.49, 1, 8.86
2016-01-17 02:00:00, Clear, clear-night, 0, 0, 48.87, 44.16, 32.16, 0.52, 1018.71, 11.48, 3, 9.32
2016-01-17 03:00:00, Clear, clear-night, 0, 0, 45.74, 41.62, 32.7, 0.6, 1019.89, 7.92, 359, 9.32
2016-01-17 04:00:00, Clear, clear-night, 0, 0, 44.86, 39.76, 33.3, 0.64, 1020.29, 9.74, 1, 9.32
2016-01-17 05:00:00, Clear, clear-night, 0, 0, 42.18, 37.71, 33.55, 0.71, 1020.93, 7.1, 351, 10
2016-01-17 06:00:00, Clear, clear-night, 0, 0, 40.98, 36.94, 33.61, 0.75, 1021.55, 5.98, 334, 10
2016-01-17 07:00:00, Clear, clear-night, 0, 0, 39.8, 35.78, 33.07, 0.77, 1021.45, 5.62, 336, 10
2016-01-17 08:00:00, Clear, clear-night, 0, 0, 38.53, 34.27, 32.29, 0.78, 1020.75, 5.63, 14, 10
2016-01-17 09:00:00, Clear, clear-night, 0, 0, 37.62, 33.09, 31.91, 0.8, 1020.05, 5.76, 7, 8.86
2016-01-17 10:00:00, Clear, clear-night, 0, 0, 36.11, 33.19, 31.33, 0.83, 1020.22, 3.65, 344, 8.86
2016-01-17 11:00:00, Clear, clear-night, 0, 0, 34.71, 31.74, 30.73, 0.85, 1020.71, 3.52, 348, 8.64
2016-01-17 12:00:00, Clear, clear-night, 0, 0, 32.12, 29.18, 29.23, 0.89, 1021.55, 3.2, 336, 8.86
2016-01-17 13:00:00, Clear, clear-night, 0, 0, 31.81, 31.81, 29.03, 0.89, 1022.1, 2.41, 239, 10
2016-01-17 14:00:00, Clear, clear-day, 0, 0, 31.67, 31.67, 28.68, 0.89, 1022.56, 1.05, 208, 10
2016-01-17 15:00:00, Clear, clear-day, 0, 0, 38.66, 38.66, 33.95, 0.83, 1023.16, 2.91, 201, 10
2016-01-17 16:00:00, Clear, clear-day, 0, 0, 43.28, 40.85, 33.98, 0.69, 1023.86, 4.31, 167, 10
2016-01-17 17:00:00, Clear, clear-day, 0, 0, 47.15, 45.12, 33.12, 0.58, 1023.6, 4.63, 159, 10
2016-01-17 18:00:00, Clear, clear-day, 0, 0, 49.88, 48.31, 32.94, 0.52, 1022.58, 4.62, 174, 9.13
2016-01-17 19:00:00, Clear, clear-day, 0, 0, 52.87, 52.87, 32.49, 0.46, 1021.23, 5.75, 168, 10
2016-01-17 20:00:00, Clear, clear-day, 0, 0, 54.84, 54.84, 32.71, 0.43, 1019.85, 8.08, 162, 10
2016-01-17 21:00:00, Clear, clear-day, 0, 0, 56.07, 56.07, 32.11, 0.4, 1019.02, 7.84, 161, 10
2016-01-17 22:00:00, Clear, clear-day, 0, 0, 55.54, 55.54, 32.41, 0.41, 1018.61, 8.73, 147, 10
2016-01-17 23:00:00, Clear, clear-day, 0, 0, 54.18, 54.18, 33.62, 0.46, 1018.68, 8.08, 155, 10
2016-01-18 00:00:00, Clear, clear-night, 0, 0, 50.78, 50.78, 33.86, 0.52, 1018.99, 4.79, 133, 10
2016-01-18 01:00:00, Clear, clear-night, 0, 0, 48.42, 48.42, 34.19, 0.58, 1020.22, 2.31, 93, 10
2016-01-18 02:00:00, Clear, clear-night, 0, 0, 44.82, 44.82, 33.81, 0.65, 1021.1, 2.04, 103, 10
2016-01-18 03:00:00, Clear, clear-night, 0, 0, 42.64, 42.64, 33.73, 0.7, 1022.08, 2.56, 138, 10
2016-01-18 04:00:00, Clear, clear-night, 0, 0, 41.55, 38.69, 32.94, 0.71, 1022.05, 4.49, 129, 10
2016-01-18 05:00:00, Clear, clear-night, 0, 0, 42.24, 40.27, 34.12, 0.73, 1022.5, 3.6, 118, 10
2016-01-18 06:00:00, Clear, clear-night, 0, 0, 39.6, 39.6, 33.67, 0.79, 1022.66, 2.2, 91, 10
2016-01-18 07:00:00, Clear, clear-night, 0, 0, 37.98, 35.54, 33.73, 0.84, 1023.18, 3.47, 5, 10
2016-01-18 08:00:00, Clear, clear-night, 0, 0, 36.42, 33.84, 33.18, 0.88, 1023.1, 3.39, 346, 10
2016-01-18 09:00:00, Clear, clear-night, 0, 0, 36.35, 32.71, 33.65, 0.9, 1023.95, 4.4, 341, 9.76
2016-01-18 10:00:00, Clear, clear-night, 0, 0, 35.48, 33.14, 32.37, 0.88, 1023.99, 3.09, 318, 9.73
2016-01-18 11:00:00, Clear, clear-night, 0, 0, 34.17, 30.93, 31.69, 0.91, 1024.14, 3.68, 326, 9.66
2016-01-18 12:00:00, Clear, clear-night, 0, 0, 34.33, 30.36, 32.03, 0.91, 1024.89, 4.41, 313, 9.61
2016-01-18 13:00:00, Clear, clear-night, 0, 0, 35.75, 31.34, 33.07, 0.9, 1025.69, 5.17, 328, 9.47
2016-01-18 14:00:00, Clear, clear-day, 0, 0, 39.02, 34.83, 36, 0.89, 1027.27, 5.66, 331, 9.2
2016-01-18 15:00:00, Partly Cloudy, partly-cloudy-day, 0, 0, 44.34, 44.34, 39.67, 0.84, 1027.75, 1.76, 337, 9.55
2016-01-18 16:00:00, Clear, clear-day, 0, 0, 48.65, 48.65, 42.55, 0.79, 1027.78, 2.46, 9, 9.67
2016-01-18 17:00:00, Clear, clear-day, 0, 0, 52.62, 52.62, 43.23, 0.7, 1027.91, 2.62, 44, 9.98
2016-01-18 18:00:00, Clear, clear-day, 0, 0, 56.17, 56.17, 42.97, 0.61, 1027.95, 1.97, 59, 9.1
2016-01-18 19:00:00, Clear, clear-day, 0, 0, 58.54, 58.54, 42.66, 0.55, 1026.92, 2.2, 57, 10
2016-01-18 20:00:00, Clear, clear-day, 0, 0, 61.18, 61.18, 42.07, 0.49, 1025.45, 4.57, 114, 10
2016-01-18 21:00:00, Clear, clear-day, 0, 0, 62.27, 62.27, 40.71, 0.45, 1024.54, 6.24, 159, 10
2016-01-18 22:00:00, Clear, clear-day, 0, 0, 62.41, 62.41, 40.27, 0.44, 1024.15, 6.28, 134, 10
2016-01-18 23:00:00, Clear, clear-day, 0, 0, 61.9, 61.9, 40.11, 0.45, 1024.37, 6.41, 140, 10
2016-01-19 00:00:00, Clear, clear-night, 0, 0, 57.56, 57.56, 40.56, 0.53, 1024.51, 7.01, 140, 10
2016-01-19 01:00:00, Clear, clear-night, 0, 0, 52.12, 52.12, 40.32, 0.64, 1024.91, 5.82, 128, 10
2016-01-19 02:00:00, Clear, clear-night, 0, 0, 50.46, 50.46, 40.19, 0.68, 1025.06, 4.72, 117, 10
2016-01-19 03:00:00, Clear, clear-night, 0, 0, 49.07, 47.61, 40.09, 0.71, 1025.51, 4.26, 106, 10
2016-01-19 04:00:00, Clear, clear-night, 0, 0, 48.03, 45.59, 41.04, 0.77, 1025.52, 5.52, 114, 9.77
2016-01-19 05:00:00, Clear, clear-night, 0, 0, 47.57, 44.81, 42.18, 0.81, 1025.44, 5.93, 132, 10
2016-01-19 06:00:00, Clear, clear-night, 0, 0, 46.36, 45.06, 42.69, 0.87, 1025.23, 3.53, 156, 9.87
2016-01-19 07:00:00, Clear, clear-night, 0, 0, 43.62, 40.98, 40.73, 0.89, 1024.76, 4.64, 182, 10
2016-01-19 08:00:00, Clear, clear-night, 0, 0, 43.45, 43.45, 41.34, 0.92, 1024.1, 1.59, 171, 9.98
2016-01-19 09:00:00, Clear, clear-night, 0, 0, 41.83, 41.83, 39.93, 0.93, 1023.51, 0.83, 161, 9.33
2016-01-19 10:00:00, Clear, clear-night, 0, 0, 40.32, 40.32, 38.83, 0.94, 1023.07, 1.01, 193, 7.87
2016-01-19 11:00:00, Clear, clear-night, 0, 0, 40.54, 40.54, 38.75, 0.93, 1022.8, 1.6, 306, 7.95
2016-01-19 12:00:00, Clear, clear-night, 0, 0, 40.69, 40.69, 39.11, 0.94, 1022.45, 1.53, 209, 7.88
2016-01-19 13:00:00, Clear, clear-night, 0, 0, 40.5, 40.5, 39.14, 0.95, 1022.3, 1.34, 200, 4.51
2016-01-19 14:00:00, Partly Cloudy, partly-cloudy-day, 0, 0, 42.99, 42.99, 41.56, 0.95, 1022.76, 1.81, 283, 4.88
2016-01-19 15:00:00, Mostly Cloudy, partly-cloudy-day, 0, 0, 48.63, 47.16, 46.64, 0.93, 1023.34, 4.18, 222, 6.97
2016-01-19 16:00:00, Partly Cloudy, partly-cloudy-day, 0, 0, 53.12, 53.12, 49.99, 0.89, 1023.81, 8.82, 188, 9.63
2016-01-19 17:00:00, Clear, clear-day, 0, 0, 60.65, 60.65, 51.13, 0.71, 1023.4, 12.32, 181, 10
2016-01-19 18:00:00, Mostly Cloudy, partly-cloudy-day, 0, 0, 63.31, 63.31, 51.55, 0.65, 1022.64, 12.51, 182, 10
2016-01-19 19:00:00, Partly Cloudy, partly-cloudy-day, 0, 0, 65.48, 65.48, 52.13, 0.62, 1020.98, 10.89, 191, 10
2016-01-19 20:00:00, Partly Cloudy, partly-cloudy-day, 0, 0, 67.93, 67.93, 52.17, 0.57, 1019.94, 12.02, 188, 10
2016-01-19 21:00:00, Partly Cloudy, partly-cloudy-day, 0, 0, 69.31, 69.31, 51.31, 0.53, 1018.31, 13.8, 179, 10
2016-01-19 22:00:00, Clear, clear-day, 0, 0, 69.59, 69.59, 51.03, 0.52, 1018.32, 9.78, 175, 10
2016-01-19 23:00:00, Clear, clear-day, 0, 0, 69.47, 69.47, 50.91, 0.52, 1018, 10.63, 176, 10
2016-01-20 00:00:00, Clear, clear-night, 0, 0, 64.55, 64.55, 50.53, 0.6, 1018.23, 6.54, 166, 10
2016-01-20 01:00:00, Clear, clear-night, 0, 0, 59.52, 59.52, 49.66, 0.7, 1018.59, 2.25, 161, 10
2016-01-20 02:00:00, Clear, clear-night, 0, 0, 57.89, 57.89, 49.66, 0.74, 1019.32, 4.5, 139, 10
2016-01-20 03:00:00, Clear, clear-night, 0, 0, 55.87, 55.87, 50.02, 0.81, 1020.07, 5.23, 146, 10
2016-01-20 04:00:00, Clear, clear-night, 0, 0, 54.1, 54.1, 49.99, 0.86, 1020.54, 3.38, 123, 10
2016-01-20 05:00:00, Clear, clear-night, 0, 0, 52.33, 52.33, 49.16, 0.89, 1020.47, 2.26, 35, 10
2016-01-20 06:00:00, Clear, clear-night, 0, 0, 50.45, 50.45, 48.1, 0.92, 1020.44, 3.49, 0, 10
2016-01-20 07:00:00, Clear, clear-night, 0, 0, 51.72, 51.72, 49.76, 0.93, 1020.46, 3.71, 348, 9.96
2016-01-20 08:00:00, Clear, clear-night, 0, 0, 51.63, 51.63, 49.27, 0.92, 1020.33, 1.64, 343, 9.84
2016-01-20 09:00:00, Partly Cloudy, partly-cloudy-night, 0, 0, 52.69, 52.69, 49.87, 0.9, 1019.99, 3.18, 340, 9.81
2016-01-20 10:00:00, Partly Cloudy, partly-cloudy-night, 0, 0, 53.63, 53.63, 50.61, 0.89, 1019.95, 3.83, 351, 9.64
2016-01-20 11:00:00, Clear, clear-night, 0, 0, 55.1, 55.1, 51.91, 0.89, 1019.58, 4.83, 15, 6.21
2016-01-20 12:00:00, Overcast, cloudy, 0, 0, 53.36, 53.36, 50.55, 0.9, 1020.04, 7.51, 15, 4.23
2016-01-20 13:00:00, Clear, clear-night, 0, 0, 51.34, 51.34, 48.25, 0.89, 1020.76, 8.23, 28, 4.15
2016-01-20 14:00:00, Clear, clear-day, 0, 0, 49.89, 46.71, 46.01, 0.86, 1021.2, 7.81, 27, 4.64
2016-01-20 15:00:00, Overcast, cloudy, 0, 0, 49.36, 45.97, 44.52, 0.83, 1021.48, 8.04, 33, 7.04
2016-01-20 16:00:00, Clear, clear-day, 0, 0, 50.02, 50.02, 43.86, 0.79, 1021.73, 7.1, 33, 8.94
2016-01-20 17:00:00, Clear, clear-day, 0, 0, 51.87, 51.87, 44.75, 0.77, 1021.38, 7.42, 52, 9.45
2016-01-20 18:00:00, Overcast, cloudy, 0, 0, 53.47, 53.47, 45.4, 0.74, 1020.38, 5.54, 57, 9.61
2016-01-20 19:00:00, Clear, clear-day, 0, 0, 55.94, 55.94, 46.41, 0.7, 1018.74, 5.07, 81, 9.6
2016-01-20 20:00:00, Clear, clear-day, 0, 0, 57.61, 57.61, 47.27, 0.68, 1017.15, 4.75, 76, 10
2016-01-20 21:00:00, Mostly Cloudy, partly-cloudy-day, 0, 0, 58.09, 58.09, 48.43, 0.7, 1016.14, 4.8, 104, 9.91
2016-01-20 22:00:00, Clear, clear-day, 0, 0, 58.15, 58.15, 49.24, 0.72, 1015.51, 4.91, 92, 9.71
2016-01-20 23:00:00, Clear, clear-day, 0, 0, 58.36, 58.36, 49.43, 0.72, 1014.75, 4.17, 74, 9.81
2016-01-21 00:00:00, Mostly Cloudy, partly-cloudy-night, 0, 0, 57.19, 57.19, 50.31, 0.78, 1015.2, 2, 84, 9.89
2016-01-21 01:00:00, Clear, clear-night, 0, 0, 55.96, 55.96, 49.68, 0.79, 1015.17, 2.9, 90, 9.87
2016-01-21 02:00:00, Clear, clear-night, 0, 0, 55.59, 55.59, 50.15, 0.82, 1015.71, 3.33, 80, 9.83
2016-01-21 03:00:00, Mostly Cloudy, partly-cloudy-night, 0, 0, 55.65, 55.65, 48.98, 0.78, 1016.08, 4.21, 64, 9.42
2016-01-21 04:00:00, Clear, clear-night, 0, 0, 54.92, 54.92, 47.99, 0.77, 1015.66, 4.27, 76, 9.08
2016-01-21 05:00:00, Clear, clear-night, 0, 0, 54.56, 54.56, 49.48, 0.83, 1015.37, 3.52, 48, 6.33
2016-01-21 06:00:00, Overcast, cloudy, 0, 0, 53.69, 53.69, 50.43, 0.89, 1014.79, 2.89, 39, 4.52
2016-01-21 07:00:00, Clear, clear-night, 0, 0, 53.48, 53.48, 51.85, 0.94, 1014.11, 2.51, 62, 2.4
2016-01-21 08:00:00, Foggy, fog, 0, 0, 53.43, 53.43, 52.11, 0.95, 1013.67, 1.57, 52, 1.49
2016-01-21 09:00:00, Foggy, fog, 0, 0, 53.56, 53.56, 52.29, 0.95, 1013.23, 1.25, 356, 1.26
2016-01-21 10:00:00, Foggy, fog, 0.0009, 0.09, 53.95, 53.95, 53.2, 0.97, 1012.67, 0.95, 48, 1.37
2016-01-21 11:00:00, Foggy, fog, 0, 0, 54.25, 54.25, 53.5, 0.97, 1012.14, 0.98, 279, 1.77
2016-01-21 12:00:00, Foggy, fog, 0.0023, 0.23, 54.78, 54.78, 53.73, 0.96, 1011.73, 2.52, 156, 1.64
2016-01-21 13:00:00, Foggy, fog, 0, 0, 55.07, 55.07, 54.35, 0.97, 1011.62, 2.08, 213, 1.84
2016-01-21 14:00:00, Clear, clear-day, 0.0023, 0.23, 57.21, 57.21, 55.76, 0.95, 1013.16, 7.17, 287, 3.76
2016-01-21 15:00:00, Partly Cloudy, partly-cloudy-day, 0.0011, 0.11, 58.55, 58.55, 56.59, 0.93, 1013.75, 8.94, 296, 8.17
2016-01-21 16:00:00, Clear, clear-day, 0, 0, 62.19, 62.19, 54.64, 0.76, 1014.33, 12.88, 299, 9.73
2016-01-21 17:00:00, Clear, clear-day, 0, 0, 66.13, 66.13, 49.23, 0.54, 1014.76, 13.47, 307, 10
2016-01-21 18:00:00, Breezy, wind, 0, 0, 68.34, 68.34, 44.64, 0.42, 1014.94, 18.17, 326, 10
2016-01-21 19:00:00, Breezy, wind, 0, 0, 66.55, 66.55, 41.91, 0.41, 1015.32, 23.97, 338, 10
2016-01-21 20:00:00, Breezy, wind, 0, 0, 66.88, 66.88, 40.12, 0.38, 1015.25, 17.75, 341, 10
2016-01-21 21:00:00, Breezy, wind, 0, 0, 66.32, 66.32, 40.44, 0.39, 1015.53, 19.84, 322, 10
2016-01-21 22:00:00, Breezy, wind, 0, 0, 63.99, 63.99, 37.77, 0.38, 1016.75, 20.39, 339, 10
2016-01-21 23:00:00, Clear, clear-day, 0, 0, 62.8, 62.8, 33.71, 0.34, 1017.81, 16.5, 330, 10
2016-01-22 00:00:00, Clear, clear-night, 0, 0, 60.1, 60.1, 30.98, 0.33, 1018.64, 13.34, 330, 10
2016-01-22 01:00:00, Clear, clear-night, 0, 0, 56.73, 56.73, 30.56, 0.37, 1019.71, 9.04, 338, 10
2016-01-22 02:00:00, Clear, clear-night, 0, 0, 52.74, 52.74, 30.03, 0.42, 1020.4, 5.57, 338, 10
2016-01-22 03:00:00, Clear, clear-night, 0, 0, 50.03, 50.03, 31.64, 0.49, 1021.15, 6.35, 331, 10
2016-01-22 04:00:00, Clear, clear-night, 0, 0, 46.1, 42.67, 32.43, 0.59, 1021.95, 6.65, 324, 10
2016-01-22 05:00:00, Clear, clear-night, 0, 0, 48.07, 43.84, 31.37, 0.52, 1022.99, 9.45, 341, 10
2016-01-22 06:00:00, Clear, clear-night, 0, 0, 46.68, 43.41, 31.31, 0.55, 1023.05, 6.55, 337, 10
2016-01-22 07:00:00, Clear, clear-night, 0, 0, 45.58, 41.12, 30.93, 0.56, 1023.09, 8.62, 328, 10
2016-01-22 08:00:00, Clear, clear-night, 0, 0, 44.63, 40.48, 30.66, 0.58, 1023.19, 7.47, 322, 10
2016-01-22 09:00:00, Clear, clear-night, 0, 0, 44.35, 39.46, 29.86, 0.56, 1023.62, 8.93, 313, 10
2016-01-22 10:00:00, Clear, clear-night, 0, 0, 43.48, 38.2, 29.47, 0.57, 1023.62, 9.39, 313, 10
2016-01-22 11:00:00, Clear, clear-night, 0, 0, 42.4, 37.2, 28.78, 0.58, 1023.59, 8.65, 324, 10
2016-01-22 12:00:00, Clear, clear-night, 0, 0, 40.98, 35.43, 28.25, 0.6, 1024.28, 8.72, 327, 10
2016-01-22 13:00:00, Clear, clear-night, 0, 0, 39.87, 34.67, 28.18, 0.63, 1025.34, 7.54, 321, 10
2016-01-22 14:00:00, Clear, clear-day, 0, 0, 40.63, 35.54, 28.84, 0.63, 1026.19, 7.65, 321, 10
2016-01-22 15:00:00, Clear, clear-day, 0, 0, 44.81, 38.68, 28.81, 0.53, 1026.73, 12.65, 324, 10
2016-01-22 16:00:00, Clear, clear-day, 0, 0, 48.33, 42.73, 29.42, 0.48, 1027.29, 14.09, 332, 10
2016-01-22 17:00:00, Clear, clear-day, 0, 0, 51.12, 51.12, 29.11, 0.42, 1027.54, 14.32, 341, 10
2016-01-22 18:00:00, Clear, clear-day, 0, 0, 54.46, 54.46, 29.74, 0.39, 1027.09, 14.23, 349, 10
2016-01-22 19:00:00, Clear, clear-day, 0, 0, 56.79, 56.79, 29.89, 0.36, 1025.98, 14.74, 342, 10
2016-01-22 20:00:00, Clear, clear-day, 0, 0, 58.44, 58.44, 29.51, 0.33, 1024.9, 13.7, 341, 10
2016-01-22 21:00:00, Clear, clear-day, 0, 0, 59.45, 59.45, 28.83, 0.31, 1024.14, 13.46, 352, 10
2016-01-22 22:00:00, Clear, clear-day, 0, 0, 59.3, 59.3, 28.26, 0.3, 1024.04, 12.85, 345, 10
2016-01-22 23:00:00, Clear, clear-day, 0, 0, 57.41, 57.41, 27.86, 0.32, 1024.13, 11.5, 351, 10
2016-01-23 00:00:00, Clear, clear-night, 0, 0, 53.62, 53.62, 28.25, 0.37, 1024.59, 9.47, 358, 10
2016-01-23 01:00:00, Clear, clear-night, 0, 0, 49.62, 46.89, 28.93, 0.45, 1025.43, 6.67, 14, 10
2016-01-23 02:00:00, Clear, clear-night, 0, 0, 46.87, 44.46, 29.33, 0.5, 1026.03, 5.12, 17, 10
2016-01-23 03:00:00, Clear, clear-night, 0, 0, 44.62, 42.28, 29.33, 0.55, 1026.67, 4.48, 22, 10
2016-01-23 04:00:00, Clear, clear-night, 0, 0, 40.53, 38.59, 29.63, 0.65, 1026.7, 3.34, 352, 10
2016-01-23 05:00:00, Clear, clear-night, 0, 0, 38.17, 35.89, 29.64, 0.71, 1026.77, 3.35, 337, 10
2016-01-23 06:00:00, Clear, clear-night, 0, 0, 36.48, 33.49, 29.32, 0.75, 1026.89, 3.76, 330, 10
2016-01-23 07:00:00, Clear, clear-night, 0, 0, 34.65, 31.32, 29.08, 0.8, 1026.71, 3.83, 329, 10
2016-01-23 08:00:00, Clear, clear-night, 0, 0, 34.44, 30.54, 28.95, 0.8, 1026.44, 4.35, 329, 10
2016-01-23 09:00:00, Clear, clear-night, 0, 0, 33.6, 29.64, 28.57, 0.82, 1025.98, 4.28, 329, 10
2016-01-23 10:00:00, Clear, clear-night, 0, 0, 32.8, 29.16, 28.23, 0.83, 1025.75, 3.86, 1, 10
2016-01-23 11:00:00, Clear, clear-night, 0, 0, 33.3, 28.97, 28.33, 0.82, 1025.48, 4.6, 25, 10
2016-01-23 12:00:00, Clear, clear-night, 0, 0, 33.36, 30.08, 27.9, 0.8, 1025.45, 3.62, 7, 10
2016-01-23 13:00:00, Clear, clear-night, 0, 0, 30.89, 28, 26.93, 0.85, 1026.24, 3.04, 316, 10
2016-01-23 14:00:00, Clear, clear-day, 0, 0, 30.8, 30.8, 27.18, 0.86, 1026.86, 2.27, 294, 9.98
2016-01-23 15:00:00, Clear, clear-day, 0, 0, 39.04, 35.89, 31.21, 0.73, 1027.22, 4.35, 30, 10
2016-01-23 16:00:00, Clear, clear-day, 0, 0, 43.83, 41.3, 31.68, 0.62, 1027.28, 4.55, 115, 10
2016-01-23 17:00:00, Clear, clear-day, 0, 0, 47.52, 45.74, 31.67, 0.54, 1027.14, 4.35, 146, 10
2016-01-23 18:00:00, Clear, clear-day, 0, 0, 50.79, 50.79, 31.95, 0.48, 1026.39, 2.97, 154, 10
2016-01-23 19:00:00, Clear, clear-day, 0, 0, 53.65, 53.65, 31.18, 0.42, 1024.97, 3.3, 198, 9.93
2016-01-23 20:00:00, Clear, clear-day, 0, 0, 56.59, 56.59, 30.45, 0.37, 1023.49, 5.96, 191, 10
2016-01-23 21:00:00, Clear, clear-day, 0, 0, 58.05, 58.05, 30.46, 0.35, 1022.5, 6.64, 163, 10
2016-01-23 22:00:00, Clear, clear-day, 0, 0, 58.97, 58.97, 30.3, 0.34, 1021.77, 5.83, 165, 10
2016-01-23 23:00:00, Clear, clear-day, 0, 0, 58.44, 58.44, 30.34, 0.34, 1021.22, 6.56, 169, 10
2016-01-24 00:00:00, Clear, clear-day, 0, 0, 53.58, 53.58, 31.19, 0.42, 1021.21, 6.48, 145, 10
2016-01-24 01:00:00, Clear, clear-night, 0, 0, 49.03, 46.29, 30.94, 0.49, 1021.4, 6.43, 142, 10
2016-01-24 02:00:00, Clear, clear-night, 0, 0, 47.74, 45.66, 30.72, 0.51, 1021.76, 4.85, 144, 10
2016-01-24 03:00:00, Clear, clear-night, 0, 0, 45.49, 43.72, 31.09, 0.57, 1021.72, 3.93, 134, 10
2016-01-24 04:00:00, Clear, clear-night, 0, 0, 43.77, 41.38, 30.21, 0.59, 1021.25, 4.36, 133, 10
2016-01-24 05:00:00, Clear, clear-night, 0, 0, 42.42, 39.56, 30.7, 0.63, 1021.26, 4.67, 158, 10
2016-01-24 06:00:00, Clear, clear-night, 0, 0, 41.22, 37.47, 31.22, 0.67, 1020.64, 5.62, 163, 10
2016-01-24 07:00:00, Clear, clear-night, 0, 0, 39.45, 36.28, 31.16, 0.72, 1020.13, 4.45, 173, 10
2016-01-24 08:00:00, Clear, clear-night, 0, 0, 38.48, 35.11, 31.76, 0.77, 1019.3, 4.49, 176, 10
2016-01-24 09:00:00, Clear, clear-night, 0, 0, 36.14, 36.14, 31.34, 0.83, 1019.07, 0.85, 195, 10
2016-01-24 10:00:00, Clear, clear-night, 0, 0, 35.25, 35.25, 31.17, 0.85, 1018.93, 2.36, 203, 10
2016-01-24 11:00:00, Clear, clear-night, 0, 0, 34.6, 34.6, 31.04, 0.87, 1018.69, 1.77, 273, 9.87
2016-01-24 12:00:00, Clear, clear-night, 0, 0, 33.89, 33.89, 31.23, 0.9, 1018.94, 2.65, 307, 9.87
2016-01-24 13:00:00, Clear, clear-night, 0, 0, 33.29, 33.29, 30.43, 0.89, 1019.32, 1.6, 314, 9.87
2016-01-24 14:00:00, Clear, clear-day, 0, 0, 33.31, 33.31, 30.53, 0.89, 1019.39, 1.89, 325, 9.63
2016-01-24 15:00:00, Clear, clear-day, 0, 0, 43.37, 40.67, 37.51, 0.8, 1019.07, 4.67, 189, 9.96
2016-01-24 16:00:00, Clear, clear-day, 0, 0, 50.53, 50.53, 42.63, 0.74, 1019.19, 6.17, 159, 10
2016-01-24 17:00:00, Clear, clear-day, 0, 0, 57.62, 57.62, 45.38, 0.64, 1018.64, 9.63, 164, 9.77
2016-01-24 18:00:00, Clear, clear-day, 0, 0, 62.71, 62.71, 46.97, 0.56, 1017.32, 11.37, 189, 10
2016-01-24 19:00:00, Clear, clear-day, 0, 0, 65.78, 65.78, 47.48, 0.52, 1015.28, 13.73, 168, 10
2016-01-24 20:00:00, Clear, clear-day, 0, 0, 67.51, 67.51, 48.12, 0.5, 1013.65, 13.84, 177, 10
2016-01-24 21:00:00, Clear, clear-day, 0, 0, 69.33, 69.33, 48.58, 0.48, 1012.38, 15.24, 163, 10
2016-01-24 22:00:00, Clear, clear-day, 0, 0, 69.88, 69.88, 49.2, 0.48, 1011.74, 14.86, 160, 10
2016-01-24 23:00:00, Clear, clear-day, 0, 0, 69.08, 69.08, 49.8, 0.5, 1011.67, 13.86, 162, 10
2016-01-25 00:00:00, Clear, clear-day, 0, 0, 65.79, 65.79, 50.3, 0.57, 1011.65, 10.83, 143, 10
2016-01-25 01:00:00, Clear, clear-night, 0, 0, 62.59, 62.59, 50.84, 0.65, 1011.68, 10.14, 132, 10
2016-01-25 02:00:00, Clear, clear-night, 0, 0, 60.21, 60.21, 51.66, 0.73, 1012.4, 9.58, 132, 10
2016-01-25 03:00:00, Clear, clear-night, 0, 0, 58.7, 58.7, 52.81, 0.81, 1012.78, 7.88, 141, 10
2016-01-25 04:00:00, Clear, clear-night, 0, 0, 57.54, 57.54, 53.02, 0.85, 1012.9, 7.45, 145, 10
2016-01-25 05:00:00, Clear, clear-night, 0, 0, 56.34, 56.34, 52.84, 0.88, 1012.63, 6.92, 145, 10
2016-01-25 06:00:00, Clear, clear-night, 0, 0, 55.4, 55.4, 52.64, 0.9, 1012.08, 6.54, 143, 10
2016-01-25 07:00:00, Clear, clear-night, 0, 0, 54.71, 54.71, 52.18, 0.91, 1011.61, 4.54, 143, 10
2016-01-25 08:00:00, Clear, clear-night, 0, 0, 53.44, 53.44, 51.67, 0.94, 1011.5, 4.23, 166, 7.73
2016-01-25 09:00:00, Partly Cloudy, partly-cloudy-night, 0, 0, 51.57, 51.57, 49.87, 0.94, 1011.15, 2.5, 162, 4.77
2016-01-25 10:00:00, Partly Cloudy, partly-cloudy-night, 0, 0, 50.83, 50.83, 49.46, 0.95, 1011.19, 0.9, 172, 4.83
2016-01-25 11:00:00, Clear, clear-night, 0, 0, 49.72, 49.72, 48.35, 0.95, 1011.53, 2.09, 185, 3.7
2016-01-25 12:00:00, Mostly Cloudy, partly-cloudy-night, 0, 0, 51.5, 51.5, 49.76, 0.94, 1011.75, 4.68, 340, 4.97
2016-01-25 13:00:00, Clear, clear-night, 0, 0, 54.57, 54.57, 53.35, 0.96, 1013.47, 1.57, 356, 6.85
2016-01-25 14:00:00, Partly Cloudy, partly-cloudy-day, 0, 0, 54.7, 54.7, 53.34, 0.95, 1013.57, 2.38, 171, 5.32
2016-01-25 15:00:00, Mostly Cloudy, partly-cloudy-day, 0, 0, 57.86, 57.86, 55.58, 0.92, 1013.65, 4.96, 177, 6.82
2016-01-25 16:00:00, Clear, clear-day, 0, 0, 61, 61, 56.65, 0.86, 1014.28, 2.42, 223, 8.17
2016-01-25 17:00:00, Clear, clear-day, 0, 0, 63.73, 63.73, 56.33, 0.77, 1014.68, 3.11, 263, 9.71
2016-01-25 18:00:00, Partly Cloudy, partly-cloudy-day, 0, 0, 65.82, 65.82, 55.19, 0.69, 1014.55, 1.82, 267, 9.91
2016-01-25 19:00:00, Partly Cloudy, partly-cloudy-day, 0, 0, 68.64, 68.64, 55.37, 0.63, 1013.82, 1.89, 101, 10
2016-01-25 20:00:00, Clear, clear-day, 0, 0, 70.55, 70.55, 54.94, 0.58, 1013.03, 3.29, 116, 10
2016-01-25 21:00:00, Clear, clear-day, 0, 0, 72.15, 72.15, 53.74, 0.52, 1012.66, 5.07, 93, 10
2016-01-25 22:00:00, Clear, clear-day, 0, 0, 72.99, 72.99, 52.68, 0.49, 1012.17, 4.96, 100, 10
2016-01-25 23:00:00, Clear, clear-day, 0, 0, 72.16, 72.16, 52.75, 0.51, 1012.13, 5.46, 91, 9.87
2016-01-26 00:00:00, Clear, clear-day, 0, 0, 68.25, 68.25, 51.8, 0.56, 1012.43, 3.79, 86, 10
2016-01-26 01:00:00, Clear, clear-night, 0, 0, 62.2, 62.2, 51.08, 0.67, 1013.18, 3.23, 39, 10
2016-01-26 02:00:00, Clear, clear-night, 0, 0, 58.9, 58.9, 50.64, 0.74, 1013.96, 4.14, 9, 10
2016-01-26 03:00:00, Clear, clear-night, 0, 0, 58.36, 58.36, 50.36, 0.75, 1014.1, 6.15, 9, 10
2016-01-26 04:00:00, Clear, clear-night, 0, 0, 58.07, 58.07, 50.01, 0.75, 1014.61, 4.33, 33, 10
2016-01-26 05:00:00, Clear, clear-night, 0, 0, 56.2, 56.2, 49.34, 0.78, 1015.45, 5.96, 34, 10
2016-01-26 06:00:00, Partly Cloudy, partly-cloudy-night, 0, 0, 57.38, 57.38, 46.94, 0.68, 1015.76, 9.46, 28, 10
2016-01-26 07:00:00, Partly Cloudy, partly-cloudy-night, 0, 0, 56.12, 56.12, 40, 0.55, 1016.04, 10.01, 38, 9.87
2016-01-26 08:00:00, Partly Cloudy, partly-cloudy-night, 0, 0, 57.35, 57.35, 38.13, 0.49, 1016, 12.02, 37, 10
2016-01-26 09:00:00, Partly Cloudy, partly-cloudy-night, 0, 0, 56.75, 56.75, 37.02, 0.48, 1015.97, 11.67, 35, 10
2016-01-26 10:00:00, Clear, clear-night, 0, 0, 56.39, 56.39, 36.13, 0.46, 1015.58, 14.88, 29, 10
2016-01-26 11:00:00, Breezy and Partly Cloudy, wind, 0, 0, 56.11, 56.11, 35.77, 0.46, 1016.18, 15.04, 34, 10
2016-01-26 12:00:00, Breezy and Mostly Cloudy, wind, 0, 0, 54.89, 54.89, 35.18, 0.47, 1016.8, 16.64, 37, 10
2016-01-26 13:00:00, Partly Cloudy, partly-cloudy-night, 0, 0, 53.42, 53.42, 34.73, 0.49, 1018.31, 14.82, 30, 10
2016-01-26 14:00:00, Breezy and Partly Cloudy, wind, 0, 0, 52.36, 52.36, 33.81, 0.49, 1019.32, 16.03, 25, 10
2016-01-26 15:00:00, Overcast, cloudy, 0, 0, 51.52, 51.52, 33.09, 0.49, 1020.33, 16.15, 28, 10
2016-01-26 16:00:00, Breezy and Partly Cloudy, wind, 0, 0, 50.88, 50.88, 32.85, 0.5, 1020.9, 18.37, 26, 10
2016-01-26 17:00:00, Breezy, wind, 0.0023, 0.23, 50.79, 50.79, 33.39, 0.51, 1020.72, 18.79, 23, 9.79
2016-01-26 18:00:00, Mostly Cloudy, partly-cloudy-day, 0.0156, 0.4, 49.05, 43.96, 36.45, 0.62, 1020.88, 12.94, 10, 9.45
2016-01-26 19:00:00, Rain, rain, 0.0702, 0.87, 47.31, 42.06, 39.12, 0.73, 1021.14, 11.92, 18, 9.6
2016-01-26 20:00:00, Partly Cloudy, partly-cloudy-day, 0.0107, 0.34, 46.81, 41.83, 39.86, 0.77, 1021.25, 10.71, 6, 9.42
2016-01-26 21:00:00, Overcast, cloudy, 0.0125, 0.47, 46.83, 40.81, 39.77, 0.76, 1022, 14.15, 4, 8.15
2016-01-26 22:00:00, Clear, clear-day, 0.0149, 0.48, 45.84, 41.54, 39.23, 0.78, 1021.92, 8.38, 15, 9.6
2016-01-26 23:00:00, Light Rain, rain, 0.0364, 0.76, 45.52, 41.02, 40.04, 0.81, 1021.95, 8.65, 20, 7.94
2016-01-27 00:00:00, Overcast, cloudy, 0.0078, 0.52, 45.96, 42.25, 39.87, 0.79, 1022.18, 7.15, 20, 10
2016-01-27 01:00:00, Clear, clear-night, 0.0004, 0.04, 45.68, 40.91, 39.47, 0.79, 1022.82, 9.39, 344, 10
2016-01-27 02:00:00, Clear, clear-night, 0.0004, 0.02, 46.4, 41.18, 36.88, 0.69, 1023.72, 11.12, 345, 10
2016-01-27 03:00:00, Mostly Cloudy, partly-cloudy-night, 0, 0, 46.45, 41.1, 33.44, 0.6, 1024.67, 11.57, 5, 10
2016-01-27 04:00:00, Clear, clear-night, 0, 0, 45.9, 41.32, 31.96, 0.58, 1025.1, 9.05, 357, 10
2016-01-27 05:00:00, Partly Cloudy, partly-cloudy-night, 0, 0, 44.44, 39.77, 33.27, 0.65, 1025.06, 8.5, 343, 10
2016-01-27 06:00:00, Partly Cloudy, partly-cloudy-night, 0, 0, 43.67, 38.29, 33.34, 0.67, 1025.22, 9.75, 350, 10
2016-01-27 07:00:00, Clear, clear-night, 0, 0, 42.67, 37.01, 32.75, 0.68, 1024.8, 9.85, 2, 10
2016-01-27 08:00:00, Clear, clear-night, 0, 0, 41.61, 36.65, 32.03, 0.68, 1025.22, 7.81, 349, 10
2016-01-27 09:00:00, Partly Cloudy, partly-cloudy-night, 0, 0, 41.77, 36.48, 31.91, 0.68, 1025.48, 8.55, 342, 10
2016-01-27 10:00:00, Partly Cloudy, partly-cloudy-night, 0, 0, 42.01, 36.72, 32.12, 0.68, 1025.57, 8.66, 349, 10
2016-01-27 11:00:00, Clear, clear-night, 0, 0, 42.51, 37.63, 32.14, 0.66, 1025.98, 8.02, 348, 10
2016-01-27 12:00:00, Mostly Cloudy, partly-cloudy-night, 0, 0, 42.75, 37.05, 31.98, 0.65, 1025.82, 10.02, 0, 10
2016-01-27 13:00:00, Clear, clear-night, 0, 0, 43.34, 37.97, 30.8, 0.61, 1026.6, 9.53, 1, 10
2016-01-27 14:00:00, Clear, clear-day, 0, 0, 43.23, 38.16, 30.97, 0.62, 1027.08, 8.76, 2, 10
2016-01-27 15:00:00, Mostly Cloudy, partly-cloudy-day, 0, 0, 44.62, 39.78, 30.2, 0.57, 1027.42, 9, 10, 10
2016-01-27 16:00:00, Clear, clear-day, 0, 0, 46.62, 41.71, 29.11, 0.5, 1028.01, 10.4, 18, 10
2016-01-27 17:00:00, Clear, clear-day, 0, 0, 49.5, 44.71, 28.82, 0.45, 1027.87, 12.29, 25, 10
2016-01-27 18:00:00, Clear, clear-day, 0, 0, 52.22, 52.22, 28.08, 0.39, 1027.46, 10.39, 22, 10
2016-01-27 19:00:00, Clear, clear-day, 0, 0, 55.24, 55.24, 27.84, 0.35, 1026.11, 9.7, 356, 10
2016-01-27 20:00:00, Clear, clear-day, 0, 0, 57.06, 57.06, 26.76, 0.31, 1025.09, 8.35, 4, 10
2016-01-27 21:00:00, Clear, clear-day, 0, 0, 58.21, 58.21, 25.68, 0.28, 1024.02, 8.02, 345, 10
2016-01-27 22:00:00, Clear, clear-day, 0, 0, 58.92, 58.92, 25.38, 0.27, 1023.53, 7.88, 354, 10
2016-01-27 23:00:00, Clear, clear-day, 0, 0, 58.06, 58.06, 25.22, 0.28, 1023.61, 6.29, 354, 10
2016-01-28 00:00:00, Clear, clear-day, 0, 0, 54.58, 54.58, 26.88, 0.34, 1023.88, 5, 359, 10
2016-01-28 01:00:00, Clear, clear-night, 0, 0, 49.16, 47.49, 28.37, 0.44, 1024.24, 4.6, 359, 10
2016-01-28 02:00:00, Clear, clear-night, 0, 0, 45.47, 44.13, 29.6, 0.54, 1024.42, 3.43, 347, 10
2016-01-28 03:00:00, Clear, clear-night, 0, 0, 41.51, 38.12, 30.04, 0.63, 1024.56, 5.17, 312, 10
2016-01-28 04:00:00, Clear, clear-night, 0, 0, 39.34, 34.87, 30.09, 0.69, 1024.72, 6.14, 314, 10
2016-01-28 05:00:00, Clear, clear-night, 0, 0, 37.41, 33.73, 29.55, 0.73, 1024.67, 4.65, 321, 10
2016-01-28 06:00:00, Clear, clear-night, 0, 0, 36.15, 32.74, 29.75, 0.77, 1024.53, 4.13, 334, 10
2016-01-28 07:00:00, Clear, clear-night, 0, 0, 35.15, 30.6, 29.42, 0.79, 1024.19, 5.21, 312, 10
2016-01-28 08:00:00, Clear, clear-night, 0, 0, 34.05, 29.69, 28.87, 0.81, 1024.04, 4.77, 327, 10
2016-01-28 09:00:00, Clear, clear-night, 0, 0, 32.6, 29.5, 28.26, 0.84, 1023.37, 3.38, 314, 10
2016-01-28 10:00:00, Clear, clear-night, 0, 0, 31.91, 27.52, 28.07, 0.86, 1023.18, 4.43, 311, 10
2016-01-28 11:00:00, Clear, clear-night, 0, 0, 31.87, 27.79, 27.94, 0.85, 1022.85, 4.12, 304, 10
2016-01-28 12:00:00, Clear, clear-night, 0, 0, 31.11, 26.08, 27.63, 0.87, 1022.77, 4.94, 316, 10
2016-01-28 13:00:00, Clear, clear-night, 0, 0, 31.47, 27.04, 27.52, 0.85, 1023.46, 4.4, 313, 10
2016-01-28 14:00:00, Clear, clear-day, 0, 0, 33, 33, 28.79, 0.84, 1023.86, 2.72, 294, 10
2016-01-28 15:00:00, Clear, clear-day, 0, 0, 42.32, 40.84, 33.49, 0.71, 1023.86, 3.14, 221, 10
2016-01-28 16:00:00, Clear, clear-day, 0, 0, 52.14, 52.14, 33, 0.48, 1023.88, 6.28, 248, 10
2016-01-28 17:00:00, Clear, clear-day, 0, 0, 58.09, 58.09, 33.3, 0.39, 1023.78, 12.24, 249, 10
2016-01-28 18:00:00, Clear, clear-day, 0, 0, 62.99, 62.99, 33.51, 0.33, 1023.02, 9.13, 252, 10
2016-01-28 19:00:00, Clear, clear-day, 0, 0, 65.51, 65.51, 34.96, 0.32, 1021.48, 9.78, 262, 10
2016-01-28 20:00:00, Clear, clear-day, 0, 0, 68.54, 68.54, 35.12, 0.29, 1019.87, 10.04, 246, 10
2016-01-28 21:00:00, Clear, clear-day, 0, 0, 70.02, 70.02, 32.17, 0.25, 1018.81, 9.89, 259, 10
2016-01-28 22:00:00, Clear, clear-day, 0, 0, 70.47, 70.47, 31.7, 0.24, 1018.21, 8.17, 261, 10
2016-01-28 23:00:00, Clear, clear-day, 0, 0, 70.07, 70.07, 31.28, 0.24, 1018.12, 8.01, 251, 10
2016-01-29 00:00:00, Clear, clear-day, 0, 0, 65.47, 65.47, 32.06, 0.29, 1018.39, 6.51, 224, 10
2016-01-29 01:00:00, Clear, clear-night, 0, 0, 59.53, 59.53, 33.33, 0.37, 1019, 4.65, 222, 10
2016-01-29 02:00:00, Clear, clear-night, 0, 0, 55.36, 55.36, 33.81, 0.44, 1019.19, 3.68, 218, 10
2016-01-29 03:00:00, Clear, clear-night, 0, 0, 51.87, 51.87, 34.58, 0.52, 1019.49, 3.26, 267, 10
2016-01-29 04:00:00, Clear, clear-night, 0, 0, 47.93, 47.93, 34.79, 0.6, 1019.68, 2.01, 283, 10
2016-01-29 05:00:00, Clear, clear-night, 0, 0, 45.74, 45.74, 34.18, 0.64, 1020.05, 2.08, 267, 9.75
2016-01-29 06:00:00, Clear, clear-night, 0, 0, 43.34, 43.34, 33.93, 0.69, 1019.81, 1.39, 319, 10
2016-01-29 07:00:00, Clear, clear-night, 0, 0, 40.56, 40.56, 33.53, 0.76, 1019.48, 2.56, 303, 10
2016-01-29 08:00:00, Clear, clear-night, 0, 0, 39.66, 39.66, 32.98, 0.77, 1018.97, 2.83, 283, 10
2016-01-29 09:00:00, Clear, clear-night, 0, 0, 38.47, 38.47, 32.49, 0.79, 1018.91, 2.47, 275, 10
2016-01-29 10:00:00, Clear, clear-night, 0, 0, 37.69, 34.87, 32.45, 0.81, 1018.83, 3.78, 297, 10
2016-01-29 11:00:00, Clear, clear-night, 0, 0, 38.02, 34.56, 32.06, 0.79, 1018.59, 4.52, 326, 10
2016-01-29 12:00:00, Clear, clear-night, 0, 0, 37.73, 33.82, 31.93, 0.79, 1018.39, 4.99, 322, 10
2016-01-29 13:00:00, Clear, clear-night, 0, 0, 37.46, 34.98, 31.78, 0.8, 1018.79, 3.44, 306, 10
2016-01-29 14:00:00, Clear, clear-day, 0, 0, 37.32, 34.9, 31.77, 0.8, 1019.46, 3.36, 274, 10
2016-01-29 15:00:00, Clear, clear-day, 0, 0, 48.02, 48.02, 36.99, 0.65, 1019.9, 1.69, 270, 9.96
2016-01-29 16:00:00, Clear, clear-day, 0, 0, 59.79, 59.79, 35.43, 0.4, 1019.82, 6.87, 236, 10
2016-01-29 17:00:00, Clear, clear-day, 0, 0, 66.04, 66.04, 34.46, 0.31, 1019.66, 8.93, 230, 10
2016-01-29 18:00:00, Clear, clear-day, 0, 0, 70.27, 70.27, 35.13, 0.27, 1018.66, 10.74, 204, 10
2016-01-29 19:00:00, Clear, clear-day, 0, 0, 72.26, 72.26, 32.95, 0.24, 1017.07, 13.05, 198, 10
2016-01-29 20:00:00, Clear, clear-day, 0, 0, 73.56, 73.56, 32.82, 0.22, 1015.66, 11.49, 202, 10
2016-01-29 21:00:00, Clear, clear-day, 0, 0, 74.36, 74.36, 32.81, 0.22, 1014.91, 12.61, 196, 10
2016-01-29 22:00:00, Clear, clear-day, 0, 0, 74.57, 74.57, 31.25, 0.2, 1014.19, 12.95, 198, 10
2016-01-29 23:00:00, Clear, clear-day, 0, 0, 73.97, 73.97, 31.2, 0.21, 1013.67, 11.46, 193, 10
2016-01-30 00:00:00, Clear, clear-day, 0, 0, 68.31, 68.31, 32.38, 0.26, 1013.34, 6.55, 188, 10
2016-01-30 01:00:00, Clear, clear-night, 0, 0, 62.66, 62.66, 33.42, 0.33, 1013.48, 4.32, 181, 10
2016-01-30 02:00:00, Clear, clear-night, 0, 0, 56.98, 56.98, 33.59, 0.41, 1013.57, 4.6, 176, 8.86
2016-01-30 03:00:00, Clear, clear-night, 0, 0, 56.63, 56.63, 34.42, 0.43, 1013.26, 5.95, 175, 8.86
2016-01-30 04:00:00, Clear, clear-night, 0, 0, 55.22, 55.22, 34.91, 0.46, 1013.81, 6.49, 170, 10
2016-01-30 05:00:00, Clear, clear-night, 0, 0, 53.07, 53.07, 36.3, 0.53, 1014.21, 4.71, 188, 9.32
2016-01-30 06:00:00, Clear, clear-night, 0, 0, 48.04, 45.57, 36.59, 0.64, 1013.96, 5.57, 177, 10
2016-01-30 07:00:00, Clear, clear-night, 0, 0, 48.64, 47.48, 38, 0.67, 1013.51, 3.75, 199, 8.64
2016-01-30 08:00:00, Clear, clear-night, 0, 0, 46.78, 45.5, 37.68, 0.7, 1013.26, 3.58, 214, 10
2016-01-30 09:00:00, Clear, clear-night, 0, 0, 45.87, 44.68, 37.53, 0.72, 1012.76, 3.33, 218, 9.8
2016-01-30 10:00:00, Clear, clear-night, 0, 0, 43.69, 43.69, 36.78, 0.76, 1012.54, 2.47, 241, 10
2016-01-30 11:00:00, Clear, clear-night, 0, 0, 41.51, 41.51, 36.03, 0.81, 1012.42, 1.95, 283, 10
2016-01-30 12:00:00, Clear, clear-night, 0, 0, 40.45, 38.6, 35.67, 0.83, 1012.86, 3.24, 317, 9.09
2016-01-30 13:00:00, Clear, clear-night, 0, 0, 39.25, 39.25, 35.05, 0.85, 1013.67, 2.61, 310, 10
2016-01-30 14:00:00, Clear, clear-day, 0, 0, 39.77, 39.77, 35.35, 0.84, 1014, 0.47, 298, 10
2016-01-30 15:00:00, Clear, clear-day, 0, 0, 49.78, 47.05, 41.55, 0.73, 1013.94, 6.72, 190, 10
2016-01-30 16:00:00, Clear, clear-day, 0, 0, 57.58, 57.58, 45, 0.63, 1014.2, 6.86, 201, 10
2016-01-30 17:00:00, Clear, clear-day, 0, 0, 63.26, 63.26, 45.79, 0.53, 1014.22, 7.11, 205, 10
2016-01-30 18:00:00, Clear, clear-day, 0, 0, 68.12, 68.12, 45.89, 0.45, 1013.23, 8.14, 191, 10
2016-01-30 19:00:00, Clear, clear-day, 0, 0, 71.67, 71.67, 46.34, 0.4, 1011.82, 9.68, 189, 10
2016-01-30 20:00:00, Clear, clear-day, 0, 0, 74.03, 74.03, 46.04, 0.37, 1010.36, 8.45, 187, 10
2016-01-30 21:00:00, Clear, clear-day, 0, 0, 75.95, 75.95, 45.86, 0.34, 1009.43, 9.59, 174, 10
2016-01-30 22:00:00, Clear, clear-day, 0, 0, 75.94, 75.94, 45.29, 0.34, 1008.96, 10.02, 171, 10
2016-01-30 23:00:00, Clear, clear-day, 0, 0, 74.82, 74.82, 45.73, 0.36, 1009.04, 9.05, 159, 10
2016-01-31 00:00:00, Clear, clear-day, 0, 0, 68.74, 68.74, 46.53, 0.45, 1009.2, 7.74, 151, 10
2016-01-31 01:00:00, Clear, clear-night, 0, 0, 62.29, 62.29, 46.23, 0.56, 1009.51, 7.29, 148, 10
2016-01-31 02:00:00, Clear, clear-night, 0, 0, 60.7, 60.7, 45.96, 0.58, 1009.6, 5.88, 143, 10
2016-01-31 03:00:00, Clear, clear-night, 0, 0, 59.73, 59.73, 49.12, 0.68, 1009.91, 7.01, 148, 10
2016-01-31 04:00:00, Clear, clear-night, 0, 0, 57.48, 57.48, 52.04, 0.82, 1010.4, 4.88, 163, 10
2016-01-31 05:00:00, Clear, clear-night, 0, 0, 54.89, 54.89, 51.08, 0.87, 1010.77, 3.88, 162, 10
2016-01-31 06:00:00, Clear, clear-night, 0, 0, 53.9, 53.9, 51.45, 0.91, 1010.28, 5.66, 151, 9.36
2016-01-31 07:00:00, Clear, clear-night, 0, 0, 53.57, 53.57, 51.38, 0.92, 1009.54, 3.97, 172, 6.96
2016-01-31 08:00:00, Clear, clear-night, 0, 0, 54.73, 54.73, 52.93, 0.94, 1009.03, 5.55, 163, 5.38
2016-01-31 09:00:00, Partly Cloudy, partly-cloudy-night, 0, 0, 57.62, 57.62, 55.84, 0.94, 1008.34, 6.31, 172, 7.12
2016-01-31 10:00:00, Clear, clear-night, 0, 0, 58.94, 58.94, 57.08, 0.94, 1008.6, 4.81, 191, 7.05
2016-01-31 11:00:00, Clear, clear-night, 0, 0, 59.9, 60.06, 58.52, 0.95, 1008.66, 4.59, 195, 7.56
2016-01-31 12:00:00, Overcast, cloudy, 0, 0, 60.22, 60.29, 58.03, 0.92, 1009.15, 4.62, 214, 7.68
2016-01-31 13:00:00, Partly Cloudy, partly-cloudy-night, 0, 0, 59.44, 59.46, 57.4, 0.93, 1009.6, 4.28, 207, 7.51
2016-01-31 14:00:00, Clear, clear-day, 0, 0, 59.4, 59.4, 57.27, 0.93, 1009.96, 3.58, 212, 6.98
2016-01-31 15:00:00, Mostly Cloudy, partly-cloudy-day, 0, 0, 61.13, 61.13, 57.67, 0.88, 1010.43, 4.93, 230, 8.66
2016-01-31 16:00:00, Partly Cloudy, partly-cloudy-day, 0, 0, 63.92, 63.92, 57.11, 0.79, 1010.86, 4.17, 222, 9.98
2016-01-31 17:00:00, Clear, clear-day, 0, 0, 66.91, 66.91, 56.87, 0.7, 1010.79, 3.92, 224, 9.92
2016-01-31 18:00:00, Clear, clear-day, 0, 0, 71.33, 71.33, 55.79, 0.58, 1009.77, 3.18, 194, 9.92
2016-01-31 19:00:00, Clear, clear-day, 0, 0, 74.9, 74.9, 54.61, 0.49, 1008.93, 6.35, 233, 10
2016-01-31 20:00:00, Clear, clear-day, 0, 0, 78.09, 78.09, 53.23, 0.42, 1007.86, 3.86, 230, 9.28
2016-01-31 21:00:00, Clear, clear-day, 0, 0, 81.02, 81.02, 51.36, 0.36, 1007.07, 4.5, 235, 9.35
2016-01-31 22:00:00, Clear, clear-day, 0, 0, 82.83, 82.83, 49.26, 0.31, 1006.66, 4.73, 227, 9.36
2016-01-31 23:00:00, Clear, clear-day, 0, 0, 81.87, 81.87, 47.4, 0.3, 1006.84, 4.24, 195, 9.31
2016-02-01 00:00:00, Clear, clear-day, 0, 0, 77.25, 77.25, 46.53, 0.34, 1007.35, 4.71, 169, 9.27
2016-02-01 01:00:00, Clear, clear-night, 0, 0, 68.15, 68.15, 49.01, 0.5, 1008.13, 4.37, 166, 9.15
2016-02-01 02:00:00, Clear, clear-night, 0, 0, 64.06, 64.06, 49.02, 0.58, 1008.68, 2.55, 124, 9.05
2016-02-01 03:00:00, Clear, clear-night, 0, 0, 59.19, 59.19, 48.43, 0.67, 1009.24, 3.27, 325, 9.31
2016-02-01 04:00:00, Clear, clear-night, 0, 0, 57.41, 57.41, 48.52, 0.72, 1009.83, 4.29, 346, 9.31
2016-02-01 05:00:00, Clear, clear-night, 0, 0, 53.84, 53.84, 46.53, 0.76, 1009.96, 0.41, 73, 9.36
2016-02-01 06:00:00, Clear, clear-night, 0, 0, 52.14, 52.14, 45.87, 0.79, 1009.92, 3.14, 337, 9.15
2016-02-01 07:00:00, Clear, clear-night, 0, 0, 50.29, 50.29, 45.07, 0.82, 1009.88, 3.98, 346, 9
2016-02-01 08:00:00, Clear, clear-night, 0, 0, 49.04, 47.45, 44.3, 0.84, 1009.62, 4.44, 338, 9.12
2016-02-01 09:00:00, Clear, clear-night, 0, 0, 49.11, 47.06, 44.54, 0.84, 1009.2, 5.19, 30, 9.01
2016-02-01 10:00:00, Clear, clear-night, 0, 0, 48.6, 48.6, 44.77, 0.87, 1008.71, 2.4, 9, 8.33
2016-02-01 11:00:00, Clear, clear-night, 0, 0, 46.67, 46.67, 44.44, 0.92, 1008.43, 2.16, 352, 7.25
2016-02-01 12:00:00, Clear, clear-night, 0, 0, 49.04, 48.48, 46.74, 0.92, 1008.17, 3.11, 59, 5.3
2016-02-01 13:00:00, Foggy, fog, 0, 0, 50.7, 50.7, 48.78, 0.93, 1009.12, 3.04, 78, 1.44
2016-02-01 14:00:00, Foggy, fog, 0, 0, 52.43, 52.43, 51.21, 0.96, 1009.12, 2.21, 62, 1.42
2016-02-01 15:00:00, Foggy, fog, 0, 0, 55.27, 55.27, 54.06, 0.96, 1009.36, 5, 113, 1.56
2016-02-01 16:00:00, Clear, clear-day, 0, 0, 58.7, 58.7, 56.38, 0.92, 1009.35, 7.58, 139, 4.58
2016-02-01 17:00:00, Clear, clear-day, 0, 0, 61.52, 61.52, 57.32, 0.86, 1009.25, 8.65, 143, 7.34
2016-02-01 18:00:00, Partly Cloudy, partly-cloudy-day, 0, 0, 66.86, 66.86, 58.29, 0.74, 1007.58, 10.45, 137, 8.85
2016-02-01 19:00:00, Partly Cloudy, partly-cloudy-day, 0, 0, 69.82, 69.82, 57.47, 0.65, 1005.65, 9.5, 131, 9.78
2016-02-01 20:00:00, Clear, clear-day, 0, 0, 73.5, 73.5, 57.73, 0.58, 1003.74, 12.13, 136, 10
2016-02-01 21:00:00, Clear, clear-day, 0, 0, 77.28, 77.28, 57.22, 0.5, 1001.38, 13.89, 146, 10
2016-02-01 22:00:00, Clear, clear-day, 0, 0, 79.61, 79.61, 55.92, 0.44, 1000.05, 15.11, 152, 10
2016-02-01 23:00:00, Breezy, wind, 0, 0, 79.72, 79.72, 54.71, 0.42, 998.93, 18.02, 150, 9.98
2016-02-02 00:00:00, Clear, clear-day, 0, 0, 76.07, 76.07, 57.7, 0.53, 998.66, 14.88, 139, 10
2016-02-02 01:00:00, Clear, clear-night, 0, 0, 71.63, 71.63, 59.51, 0.66, 998.84, 12.26, 135, 10
2016-02-02 02:00:00, Clear, clear-night, 0, 0, 68.18, 68.38, 61.16, 0.78, 998.91, 12.69, 143, 9.83
2016-02-02 03:00:00, Clear, clear-night, 0, 0, 65.88, 66.14, 61.07, 0.84, 999.17, 10.18, 142, 8.88
2016-02-02 04:00:00, Clear, clear-night, 0, 0, 64.7, 64.89, 60.26, 0.86, 999.53, 4.61, 135, 8.17
2016-02-02 05:00:00, Clear, clear-night, 0, 0, 64.1, 64.27, 59.92, 0.86, 1001.21, 7.47, 321, 8.44
